Empoyee_No,Empoyee_Name,FirstName,LastName,JobGrade,Contract_Type,Birthday,Status,Sex,Age,Update_DT,Create_DT


,
,,
,,,
,,,,
,,,,,
,,,,,,
,,,,,,,
,,,,,,,,
,,,,,,,,,
,,,,,,,,,,
,,,,,,,,,,,
Test,,,,,,,,,,,
Test,Test,,,,,,,,,,
Test,Test,Test,,,,,,,,,
Test,Test,Test,Test,,,,,,,,
Test,Test,Test,Test,Test,,,,,,,
Test,Test,Test,Test,Test,Test,,,,,,
Test,Test,Test,Test,Test,Test,Test,,,,,
Test,Test,Test,Test,Test,Test,Test,Test,,,,
Test,Test,Test,Test,Test,Test,Test,Test,Test,,,
Test,Test,Test,Test,Test,Test,Test,Test,Test,Test,,
Test,Test,Test,Test,Test,Test,Test,Test,Test,Test,Test,
Test,Test,Test,Test,Test,Test,Test,Test,Test,Test,Test,Test
0001,Collin Jones,Collin,Jones,17,C,1987-01-30,Single,Female,41,2019-02-02,2018-07-21
0002,Moises Jacobs,Moises,Jacobs,13,C,1963-06-05,
Single,Male,49,2019-12-17,2018-10-13
0003,Clarence Bosco,Clarence,Bosco,17,P,1985-07-12,Single,Male,50,2019-07-25,2018-12-28
0004,Hana Stamm,Hana,Stamm,18,P,1959-01-14,Single,Female,50,2019-01-12,2018-03-14
0005,Janelle Lehner,Janelle,Lehner,14,C,1961-02-05,Marry,Male,49,2019-08-18,2018-08-27
0006,Deloise Sanford,Deloise,Sanford,14,P,1986-11-11,Marry,Male,27,2019-07-16,2018-07-02
0007,Alease Dare,Alease,Dare,17,P,1982-10-06,Marry,Male,39,2019-02-16,2018-05-31
0008,Natalya Bednar,Natalya,Bednar,20,C,1994-03-01,Marry,Female,28,2019-03-19,2018-01-29
0009,Emory Jerde,Emory,Jerde,19,P,1992-07-01,Single,Male,35,2019-11-21,2018-12-19
0010,Mason Dach,Mason,Dach,11,C,1990-02-10,Single,Male,43,2019-08-03,2018-10-26
0011,Rey Marquardt,Rey,Marquardt,18,P,1962-07-16,Single,Male,45,2019-01-05,2018-03-12
0012,Merri Auer,Merri,Auer,20,P,1967-04-09,Marry,Female,39,2019-05-25,2018-07-05
0013,Mona Brekke,Mona,Brekke,16,C,1982-06-15,Marry,Male,35,2019-01-15,2018-04-25
0014,Diann Schulist,Diann,Schulist,12,P,1972-08-09,Marry,Male,27,2019-02-14,2018-04-09
0015,Alphonso Powlowski,Alphonso,Powlowski,11,C,1980-11-08,Marry,Male,44,2019-03-29,2018-03-16
0016,Myriam Rau,Myriam,Rau,16,P,1990-07-29,Single,Male,40,2019-01-07,2018-11-08
0017,Arthur Cormier,Arthur,Cormier,14,C,1962-06-30,Single,Female,27,2019-03-13,2018-05-16
0018,Rey Schroeder,Rey,Schroeder,15,C,1976-10-11,Single,Female,46,2019-03-07,2018-04-24
0019,Bradley Kohler,Bradley,Kohler,18,C,1974-02-24,Marry,Male,47,2019-08-20,2018-10-11
0020,Diego Beatty,Diego,Beatty,11,P,1968-05-11,Marry,Female,38,2019-03-05,2018-10-08
0021,Chauncey Jakubowski,Chauncey,Jakubowski,11,P,1996-12-13,Single,Male,39,2019-02-08,2018-12-28
0022,Elnora Considine,Elnora,Considine,11,C,1983-09-29,Marry,Female,44,2019-04-24,2018-11-04
0023,Tamica Anderson,Tamica,Anderson,19,C,1958-06-08,Single,Female,39,2019-03-10,2018-02-09
0024,Chloe Stoltenberg,Chloe,Stoltenberg,15,C,1982-04-21,Single,Male,38,2019-11-09,2018-04-30
0025,Shae Gislason,Shae,Gislason,10,P,1985-01-30,Marry,Female,41,2019-11-20,2018-03-20
0026,Erline Hilpert,Erline,Hilpert,13,C,1968-08-02,Marry,Female,32,2019-01-16,2018-02-28
0027,Rosario Rowe,Rosario,Rowe,19,C,1990-01-02,Single,Male,39,2019-05-09,2018-08-01
0028,Cherlyn McDermott,Cherlyn,McDermott,17,P,1973-05-19,Marry,Male,49,2019-04-18,2018-02-08
0029,Doyle Funk,Doyle,Funk,11,C,1969-09-27,Marry,Male,27,2019-02-13,2018-01-01
0030,Willie Collier,Willie,Collier,14,C,1981-09-26,Single,Male,30,2019-08-19,2018-03-02
0031,Adell Kuvalis,Adell,Kuvalis,18,C,1987-02-05,Marry,Male,49,2019-02-20,2018-11-23
0032,Linda Satterfield,Linda,Satterfield,12,P,1969-09-30,Marry,Male,49,2019-10-15,2018-01-15
0033,Mina Feeney,Mina,Feeney,13,C,1966-04-07,Marry,Female,34,2019-12-15,2018-10-05
0034,Almeda Vandervort,Almeda,Vandervort,12,C,1977-05-01,Marry,Male,39,2019-04-02,2018-06-01
0035,Stacey Carroll,Stacey,Carroll,17,P,1978-04-11,Marry,Male,33,2019-08-19,2018-06-27
0036,Erich Heller,Erich,Heller,16,P,1977-09-01,Marry,Female,31,2019-10-08,2018-11-30
0037,Arnulfo Hilpert,Arnulfo,Hilpert,20,C,1986-09-06,Marry,Male,43,2019-03-19,2018-03-08
0038,Madlyn Anderson,Madlyn,Anderson,19,P,1975-06-15,Single,Female,30,2019-02-25,2018-01-28
0039,Linwood Stark,Linwood,Stark,14,C,1984-05-27,Single,Female,40,2019-06-18,2018-11-12
0040,Mel Moen,Mel,Moen,17,C,1974-04-02,Single,Male,44,2019-07-25,2018-09-29
0041,Marcos Funk,Marcos,Funk,13,P,1973-07-30,Marry,Male,39,2019-12-10,2018-05-19
0042,Doug Klocko,Doug,Klocko,19,P,1991-07-15,Single,Female,34,2019-08-05,2018-05-16
0043,Eun Cremin,Eun,Cremin,17,P,1963-01-05,Single,Male,29,2019-07-25,2018-01-27
0044,Trena Davis,Trena,Davis,17,C,1975-02-21,Single,Male,30,2019-02-10,2018-12-13
0045,Carlee Pollich,Carlee,Pollich,12,P,1967-02-17,Marry,Female,28,2019-07-12,2018-04-14
0046,Kera Swaniawski,Kera,Swaniawski,15,P,1974-01-25,Single,Female,36,2019-03-25,2018-01-10
0047,Jefferey Stoltenberg,Jefferey,Stoltenberg,15,C,1978-12-26,Single,Male,28,2019-04-28,2018-05-27
0048,Arlie Schulist,Arlie,Schulist,11,P,1978-12-31,Marry,Female,35,2019-08-18,2018-12-13
0049,Gordon Koss,Gordon,Koss,16,C,1964-08-16,Single,Male,45,2019-01-08,2018-06-20
0050,Oswaldo Brakus,Oswaldo,Brakus,13,P,1994-05-26,Marry,Female,36,2019-04-01,2018-12-07
0051,Archie Dare,Archie,Dare,20,C,1987-05-14,Single,Female,32,2019-09-04,2018-09-17
0052,Michale Jones,Michale,Jones,15,C,1986-06-13,Marry,Male,50,2019-05-13,2018-09-29
0053,Mari Kulas,Mari,Kulas,17,P,1994-01-30,Single,Male,50,2019-08-02,2018-09-08
0054,Joni Witting,Joni,Witting,20,C,1965-05-16,Single,Female,41,2019-12-06,2018-03-27
0055,Vincent Weissnat,Vincent,Weissnat,14,P,1973-02-05,Single,Male,49,2019-10-17,2018-09-06
0056,Jacquiline Feest,Jacquiline,Feest,15,C,1969-07-07,Single,Male,30,2019-08-17,2018-11-09
0057,Giovanni Willms,Giovanni,Willms,16,P,1991-04-21,Single,Male,32,2019-10-29,2018-07-08
0058,John Douglas,John,Douglas,12,C,1959-08-24,Marry,Female,44,2019-12-15,2018-03-26
0059,Magda Lindgren,Magda,Lindgren,17,C,1978-05-20,Marry,Female,39,2019-07-22,2018-01-08
0060,Delfina Gutkowski,Delfina,Gutkowski,13,C,1967-11-13,Marry,Female,39,2019-09-25,2018-02-14
0061,Caryl Roberts,Caryl,Roberts,19,P,1964-03-11,Single,Male,50,2019-05-27,2018-10-30
0062,Reyes O'Kon,Reyes,O'Kon,14,P,1985-06-06,Single,Male,29,2019-11-25,2018-02-27
0063,Angeline Smith,Angeline,Smith,16,C,1963-06-18,Marry,Female,27,2019-12-16,2018-07-23
0064,Marleen Rolfson,Marleen,Rolfson,18,C,1984-11-23,Marry,Female,43,2019-12-08,2018-07-07
0065,Alona Grimes,Alona,Grimes,18,P,1971-11-24,Marry,Female,31,2019-08-04,2018-04-10
0066,Ria Waters,Ria,Waters,20,P,1961-05-31,Single,Female,36,2019-10-15,2018-07-04
0067,Kenton Grimes,Kenton,Grimes,16,P,1963-01-07,Marry,Male,46,2019-02-07,2018-07-08
0068,Irina Aufderhar,Irina,Aufderhar,14,P,1964-09-21,Marry,Female,33,2019-02-12,2018-06-17
0069,Harlan Upton,Harlan,Upton,12,C,1987-04-11,Single,Female,43,2019-08-07,2018-06-26
0070,Scott Jacobs,Scott,Jacobs,15,P,1996-12-14,Marry,Female,47,2019-08-02,2018-05-10
0071,Fonda Toy,Fonda,Toy,11,C,1976-07-15,Single,Female,50,2019-09-20,2018-05-10
0072,Edgardo Rolfson,Edgardo,Rolfson,16,P,1991-11-23,Single,Female,39,2019-05-12,2018-09-06
0073,Awilda Rempel,Awilda,Rempel,16,P,1957-10-07,Single,Male,48,2019-01-16,2018-03-12
0074,Samara Rowe,Samara,Rowe,20,C,1994-06-30,Single,Female,30,2019-07-14,2018-01-20
0075,Vito Turner,Vito,Turner,12,P,1995-10-21,Marry,Male,32,2019-02-04,2018-02-27
0076,Mercedez Howe,Mercedez,Howe,16,P,1981-02-16,Single,Female,30,2019-11-16,2018-09-22
0077,Matthew Corkery,Matthew,Corkery,20,P,1996-01-24,Single,Female,39,2019-09-03,2018-07-20
0078,Roosevelt Wintheiser,Roosevelt,Wintheiser,17,C,1977-11-14,Marry,Male,40,2019-08-11,2018-01-30
0079,Lynn Blanda,Lynn,Blanda,13,P,1990-06-02,Marry,Male,48,2019-07-20,2018-10-10
0080,Mamie Price,Mamie,Price,17,C,1957-10-22,Single,Male,31,2019-01-21,2018-02-15
0081,Elvis Ritchie,Elvis,Ritchie,20,C,1980-06-03,Marry,Female,46,2019-08-07,2018-03-29
0082,Eryn Mante,Eryn,Mante,15,C,1976-03-27,Single,Male,48,2019-04-12,2018-10-19
0083,Jesse Gleichner,Jesse,Gleichner,15,P,1969-11-24,Marry,Male,28,2019-10-07,2018-01-10
0084,Woodrow Mosciski,Woodrow,Mosciski,20,P,1966-09-17,Single,Female,27,2019-07-23,2018-11-25
0085,Milan Labadie,Milan,Labadie,14,P,1982-10-01,Single,Female,42,2019-11-12,2018-10-20
0086,Kerry Ankunding,Kerry,Ankunding,13,C,1984-12-04,Marry,Male,39,2019-07-06,2018-06-16
0087,Loree Volkman,Loree,Volkman,10,P,1980-01-09,Marry,Male,29,2019-02-12,2018-07-21
0088,Venetta O'Kon,Venetta,O'Kon,17,C,1983-07-22,Marry,Female,50,2019-08-19,2018-04-29
0089,Kami Hirthe,Kami,Hirthe,13,C,1987-09-23,Single,Male,42,2019-03-05,2018-10-27
0090,Elsy Keebler,Elsy,Keebler,10,P,1988-10-27,Marry,Male,49,2019-10-30,2018-08-04
0091,Anja Koelpin,Anja,Koelpin,12,C,1981-08-04,Marry,Female,46,2019-03-29,2018-07-15
0092,Porfirio D'Amore,Porfirio,D'Amore,13,C,1964-06-19,Single,Female,46,2019-01-17,2018-05-12
0093,Marvis Conroy,Marvis,Conroy,14,P,1984-08-18,Single,Female,37,2019-10-18,2018-03-08
0094,Phyliss Conn,Phyliss,Conn,17,C,1961-04-30,Marry,Female,30,2019-09-09,2018-07-01
0095,Tony Wunsch,Tony,Wunsch,15,C,1991-01-28,Single,Female,36,2019-01-22,2018-07-14
0096,Nenita Stamm,Nenita,Stamm,15,C,1972-04-13,Marry,Male,45,2019-06-07,2018-10-25
0097,Bruno Corwin,Bruno,Corwin,14,C,1982-12-12,Single,Female,39,2019-11-05,2018-06-18
0098,Hong Welch,Hong,Welch,18,P,1979-05-16,Marry,Female,49,2019-01-30,2018-08-05
0099,Frederic Jaskolski,Frederic,Jaskolski,13,C,1980-12-31,Marry,Female,45,2019-01-03,2018-01-01
0100,Cordell Ullrich,Cordell,Ullrich,20,P,1985-01-15,Marry,Female,50,2019-03-22,2018-06-14
0101,Larita Sanford,Larita,Sanford,10,C,1980-06-01,Single,Male,32,2019-08-16,2018-01-21
0102,Esmeralda Wintheiser,Esmeralda,Wintheiser,18,C,1991-02-16,Single,Female,45,2019-04-19,2018-06-03
0103,Sommer Deckow,Sommer,Deckow,16,P,1979-12-08,Marry,Male,32,2019-09-03,2018-01-10
0104,Deanne Bergnaum,Deanne,Bergnaum,12,P,1964-11-05,Single,Male,44,2019-01-06,2018-10-07
0105,Jae Kassulke,Jae,Kassulke,16,P,1969-02-08,Single,Female,39,2019-03-23,2018-08-06
0106,Alline Anderson,Alline,Anderson,11,P,1987-01-26,Marry,Female,27,2019-07-16,2018-08-26
0107,Milo Kutch,Milo,Kutch,10,P,1976-07-18,Single,Female,40,2019-04-19,2018-08-15
0108,Zofia Kshlerin,Zofia,Kshlerin,10,C,1971-05-10,Marry,Female,31,2019-08-29,2018-05-13
0109,Archie Mertz,Archie,Mertz,16,C,1981-02-04,Marry,Female,28,2019-07-24,2018-12-13
0110,Casey Tremblay,Casey,Tremblay,17,P,1958-09-01,Single,Female,30,2019-08-06,2018-06-06
0111,Belen Labadie,Belen,Labadie,14,P,1994-11-12,Single,Male,47,2019-09-23,2018-04-20
0112,Enid Vandervort,Enid,Vandervort,17,C,1958-11-06,Marry,Female,41,2019-04-21,2018-11-26
0113,Markus Huels,Markus,Huels,13,C,1984-04-29,Marry,Male,46,2019-10-22,2018-03-03
0114,Jude Cassin,Jude,Cassin,11,P,1982-10-16,Single,Male,41,2019-03-07,2018-12-27
0115,Lucas Smitham,Lucas,Smitham,16,P,1966-06-05,Marry,Male,32,2019-02-16,2018-03-28
0116,Vickey Mann,Vickey,Mann,17,P,1966-12-01,Marry,Female,27,2019-03-19,2018-06-01
0117,Jesse Jacobs,Jesse,Jacobs,14,P,1982-06-18,Single,Female,35,2019-03-10,2018-04-16
0118,Zachary Douglas,Zachary,Douglas,17,C,1978-12-11,Marry,Male,41,2019-11-07,2018-02-26
0119,Catherina Volkman,Catherina,Volkman,11,C,1983-06-13,Marry,Male,40,2019-07-30,2018-12-19
0120,Renita Nikolaus,Renita,Nikolaus,16,C,1957-02-19,Marry,Male,32,2019-05-27,2018-07-22
0121,Modesto Nitzsche,Modesto,Nitzsche,18,C,1967-05-05,Single,Female,38,2019-03-14,2018-08-05
0122,Chau Smith,Chau,Smith,11,P,1969-01-17,Marry,Female,30,2019-03-18,2018-08-22
0123,Kareem Koch,Kareem,Koch,18,P,1963-09-27,Marry,Male,33,2019-06-19,2018-10-28
0124,Shawnna Kris,Shawnna,Kris,11,P,1975-07-05,Single,Male,38,2019-10-28,2018-12-05
0125,Manual Heller,Manual,Heller,16,C,1995-02-28,Single,Male,29,2019-11-14,2018-10-02
0126,Viviana Lang,Viviana,Lang,16,C,1959-08-31,Marry,Male,46,2019-03-02,2018-12-11
0127,Jody Keeling,Jody,Keeling,17,C,1969-08-05,Single,Female,46,2019-07-02,2018-06-04
0128,Buena Hermann,Buena,Hermann,20,C,1993-09-13,Marry,Male,45,2019-09-04,2018-12-05
0129,Blake Pacocha,Blake,Pacocha,20,C,1969-08-12,Single,Male,28,2019-08-27,2018-01-02
0130,Lyman Sauer,Lyman,Sauer,20,C,1985-12-30,Single,Male,28,2019-12-05,2018-01-08
0131,Audria Ratke,Audria,Ratke,12,C,1967-12-28,Marry,Female,46,2019-06-05,2018-05-16
0132,Lai Zemlak,Lai,Zemlak,20,C,1978-12-29,Single,Female,30,2019-10-09,2018-03-28
0133,Ernie Pfannerstill,Ernie,Pfannerstill,19,C,1962-06-09,Marry,Male,43,2019-09-21,2018-04-19
0134,Stacey Kiehn,Stacey,Kiehn,20,P,1961-02-20,Single,Female,44,2019-07-28,2018-07-14
0135,Renaldo Jacobson,Renaldo,Jacobson,15,C,1974-06-19,Single,Female,50,2019-10-23,2018-05-10
0136,Victor Abernathy,Victor,Abernathy,10,P,1984-09-26,Marry,Female,29,2019-12-25,2018-04-14
0137,Chance Maggio,Chance,Maggio,14,P,1994-09-13,Single,Male,33,2019-12-21,2018-03-30
0138,Jaime Batz,Jaime,Batz,16,P,1982-01-04,Marry,Female,33,2019-09-02,2018-02-28
0139,Gerry Kohler,Gerry,Kohler,14,P,1984-05-21,Single,Female,37,2019-02-27,2018-05-18
0140,Sean Hane,Sean,Hane,14,C,1996-01-29,Marry,Female,47,2019-07-03,2018-12-16
0141,Rogelio Paucek,Rogelio,Paucek,20,P,1972-06-23,Single,Female,36,2019-02-05,2018-02-03
0142,Renate West,Renate,West,16,C,1979-04-06,Marry,Female,41,2019-10-09,2018-01-13
0143,Russel Heller,Russel,Heller,12,P,1962-01-23,Single,Female,41,2019-04-18,2018-04-27
0144,Earnest Champlin,Earnest,Champlin,20,P,1973-10-19,Single,Female,50,2019-06-26,2018-11-21
0145,Harold King,Harold,King,19,P,1957-10-18,Single,Female,43,2019-07-05,2018-03-04
0146,Elois Mueller,Elois,Mueller,17,C,1964-06-18,Marry,Male,48,2019-01-31,2018-02-01
0147,Marilu Weimann,Marilu,Weimann,18,P,1975-09-20,Single,Male,40,2019-09-28,2018-11-03
0148,Valery Kirlin,Valery,Kirlin,10,P,1966-03-15,Marry,Male,33,2019-09-28,2018-11-11
0149,Major Metz,Major,Metz,14,C,1977-08-05,Marry,Male,27,2019-11-09,2018-11-28
0150,Samuel Luettgen,Samuel,Luettgen,15,C,1969-07-13,Marry,Female,43,2019-07-01,2018-03-17
0151,Janie Miller,Janie,Miller,18,P,1994-10-21,Single,Female,31,2019-07-28,2018-08-04
0152,Hollis Shields,Hollis,Shields,13,C,1976-08-12,Single,Male,49,2019-01-12,2018-01-09
0153,Tiffani Rodriguez,Tiffani,Rodriguez,18,C,1958-07-31,Marry,Male,39,2019-05-07,2018-11-20
0154,Randolph Gaylord,Randolph,Gaylord,19,C,1964-11-11,Marry,Female,34,2019-10-26,2018-02-18
0155,Cherelle Lesch,Cherelle,Lesch,13,P,1981-01-26,Single,Male,30,2019-12-17,2018-08-07
0156,Mauricio Denesik,Mauricio,Denesik,17,P,1963-11-29,Single,Male,48,2019-12-14,2018-05-12
0157,Rolland Senger,Rolland,Senger,16,C,1965-08-04,Marry,Female,38,2019-01-07,2018-04-26
0158,Lindsey Ziemann,Lindsey,Ziemann,12,C,1987-01-28,Marry,Female,46,2019-12-12,2018-03-28
0159,Albertine Lebsack,Albertine,Lebsack,19,P,1958-07-09,Marry,Male,31,2019-05-02,2018-10-30
0160,Myra Stokes,Myra,Stokes,15,P,1995-07-16,Single,Female,40,2019-03-30,2018-01-27
0161,Isabel Gaylord,Isabel,Gaylord,18,P,1969-08-26,Marry,Male,44,2019-09-01,2018-10-29
0162,Clementine Witting,Clementine,Witting,20,P,1996-03-25,Single,Male,33,2019-09-08,2018-12-08
0163,Harold McGlynn,Harold,McGlynn,13,P,1964-07-30,Marry,Female,34,2019-10-13,2018-04-06
0164,Hayden Sauer,Hayden,Sauer,19,P,1969-12-17,Marry,Female,30,2019-06-02,2018-01-03
0165,Brandon Shields,Brandon,Shields,14,C,1989-11-14,Marry,Male,50,2019-02-17,2018-03-23
0166,Oda Lebsack,Oda,Lebsack,19,P,1982-03-23,Marry,Female,32,2019-10-20,2018-05-01
0167,Shelba Bradtke,Shelba,Bradtke,18,P,1970-07-16,Single,Female,42,2019-08-02,2018-12-29
0168,Derick Rutherford,Derick,Rutherford,16,P,1993-02-17,Marry,Male,29,2019-06-27,2018-01-22
0169,Lorita Olson,Lorita,Olson,17,P,1988-01-07,Single,Female,42,2019-08-28,2018-07-30
0170,Jean Stanton,Jean,Stanton,16,P,1992-02-08,Marry,Male,41,2019-04-29,2018-10-25
0171,Karren Bosco,Karren,Bosco,13,C,1977-03-08,Marry,Female,41,2019-10-22,2018-01-18
0172,Bart Dooley,Bart,Dooley,12,C,1977-05-02,Single,Male,44,2019-03-20,2018-05-20
0173,Young Beatty,Young,Beatty,17,C,1972-03-16,Single,Male,38,2019-02-28,2018-03-24
0174,Anika Runte,Anika,Runte,20,C,1976-05-27,Marry,Female,32,2019-09-11,2018-02-24
0175,Florentino Hammes,Florentino,Hammes,10,P,1958-07-29,Single,Male,31,2019-07-27,2018-07-30
0176,Dario Langworth,Dario,Langworth,14,C,1990-11-27,Marry,Female,48,2019-05-01,2018-08-28
0177,Pandora Marquardt,Pandora,Marquardt,11,C,1959-01-13,Marry,Male,41,2019-09-06,2018-01-04
0178,Brendon Hintz,Brendon,Hintz,19,C,1973-08-31,Single,Male,38,2019-08-11,2018-05-08
0179,Mitchel Batz,Mitchel,Batz,11,C,1965-11-03,Marry,Male,35,2019-09-28,2018-07-08
0180,Kiara Armstrong,Kiara,Armstrong,16,P,1959-01-18,Marry,Female,37,2019-05-01,2018-01-14
0181,Georgann McKenzie,Georgann,McKenzie,15,P,1959-12-18,Marry,Male,35,2019-03-03,2018-02-23
0182,Mariam Ritchie,Mariam,Ritchie,10,P,1960-10-25,Marry,Male,45,2019-01-30,2018-03-07
0183,Marilee Kertzmann,Marilee,Kertzmann,14,C,1973-09-26,Marry,Male,36,2019-09-18,2018-05-17
0184,Adriane Kling,Adriane,Kling,12,P,1959-01-18,Single,Female,27,2019-09-13,2018-08-06
0185,Otto Bahringer,Otto,Bahringer,15,C,1981-12-11,Marry,Female,33,2019-06-16,2018-11-26
0186,Olin Reynolds,Olin,Reynolds,11,C,1991-10-05,Marry,Female,50,2019-12-18,2018-12-06
0187,Damian Feeney,Damian,Feeney,20,C,1983-03-22,Marry,Female,34,2019-02-28,2018-03-01
0188,Dalton Haag,Dalton,Haag,14,C,1977-05-11,Marry,Male,32,2019-11-30,2018-10-07
0189,Tova Bahringer,Tova,Bahringer,15,C,1984-06-27,Marry,Female,31,2019-10-19,2018-01-03
0190,Kimberley Sipes,Kimberley,Sipes,14,C,1961-11-01,Single,Male,35,2019-12-28,2018-04-23
0191,Cruz Raynor,Cruz,Raynor,18,P,1994-07-23,Single,Female,29,2019-03-29,2018-07-14
0192,Lauren Mueller,Lauren,Mueller,20,C,1984-10-25,Marry,Male,49,2019-05-31,2018-07-06
0193,Madelaine Littel,Madelaine,Littel,17,P,1968-05-17,Single,Male,30,2019-12-02,2018-04-23
0194,Winston Hauck,Winston,Hauck,15,P,1982-10-03,Marry,Female,35,2019-11-20,2018-02-10
0195,Maricela Cruickshank,Maricela,Cruickshank,14,C,1976-11-26,Marry,Female,39,2019-07-08,2018-07-20
0196,Sherrell Smith,Sherrell,Smith,16,P,1986-01-07,Marry,Male,50,2019-12-13,2018-06-19
0197,Darla Kreiger,Darla,Kreiger,15,P,1967-08-16,Marry,Male,39,2019-01-29,2018-02-10
0198,Jacklyn Lakin,Jacklyn,Lakin,13,C,1985-08-03,Single,Male,28,2019-03-24,2018-04-25
0199,Keila Kozey,Keila,Kozey,13,P,1961-06-21,Marry,Female,29,2019-07-07,2018-05-24
0200,Carl Klocko,Carl,Klocko,16,C,1995-12-23,Marry,Male,40,2019-06-19,2018-03-09
0201,Min Berge,Min,Berge,11,P,1960-03-01,Marry,Female,34,2019-01-30,2018-05-07
0202,Titus Wolf,Titus,Wolf,13,C,1971-08-02,Marry,Female,35,2019-03-25,2018-03-13
0203,Andy Douglas,Andy,Douglas,18,C,1970-06-16,Marry,Male,34,2019-03-02,2018-06-30
0204,Abel Funk,Abel,Funk,12,C,1986-05-29,Single,Female,47,2019-08-28,2018-02-12
0205,Mariano Christiansen,Mariano,Christiansen,16,C,1985-02-07,Marry,Female,47,2019-06-05,2018-11-20
0206,Douglass Streich,Douglass,Streich,14,C,1969-09-26,Single,Male,41,2019-10-22,2018-02-11
0207,Hassie Satterfield,Hassie,Satterfield,19,P,1978-01-29,Single,Male,48,2019-10-05,2018-01-14
0208,Cleveland Borer,Cleveland,Borer,11,C,1957-03-18,Marry,Male,37,2019-04-01,2018-04-09
0209,Skye Champlin,Skye,Champlin,17,P,1982-07-31,Marry,Female,31,2019-04-02,2018-09-09
0210,Emelda Beier,Emelda,Beier,10,C,1963-09-18,Single,Female,49,2019-04-28,2018-11-14
0211,Anthony O'Keefe,Anthony,O'Keefe,15,C,1996-05-02,Marry,Female,50,2019-06-23,2018-11-02
0212,Morris Hackett,Morris,Hackett,12,C,1983-12-18,Single,Female,35,2019-02-26,2018-04-30
0213,Zachery King,Zachery,King,11,P,1977-11-20,Marry,Male,32,2019-01-31,2018-11-15
0214,Lane Feil,Lane,Feil,10,C,1974-02-22,Marry,Male,47,2019-11-24,2018-11-07
0215,Yanira Murazik,Yanira,Murazik,20,P,1980-04-08,Marry,Female,41,2019-01-15,2018-03-12
0216,Tania Herzog,Tania,Herzog,10,P,1989-04-22,Single,Male,30,2019-12-11,2018-04-20
0217,Tom Hagenes,Tom,Hagenes,11,C,1983-02-21,Marry,Female,44,2019-05-11,2018-05-16
0218,Oren Schulist,Oren,Schulist,16,C,1969-02-03,Marry,Male,41,2019-11-21,2018-07-27
0219,Gonzalo Schamberger,Gonzalo,Schamberger,20,C,1972-12-25,Single,Male,39,2019-11-14,2018-06-03
0220,Jim Rohan,Jim,Rohan,17,C,1981-05-04,Single,Male,37,2019-02-14,2018-10-31
0221,Alyson Haley,Alyson,Haley,20,P,1989-02-09,Marry,Male,29,2019-04-07,2018-12-29
0222,Levi Douglas,Levi,Douglas,17,P,1962-11-26,Single,Female,44,2019-04-14,2018-06-26
0223,Juana Abernathy,Juana,Abernathy,16,P,1970-07-07,Single,Male,33,2019-02-26,2018-04-27
0224,Pansy Donnelly,Pansy,Donnelly,15,C,1992-03-17,Marry,Male,31,2019-12-12,2018-09-02
0225,Brian Heathcote,Brian,Heathcote,15,P,1974-01-22,Single,Male,31,2019-12-03,2018-05-18
0226,Breanna Sipes,Breanna,Sipes,16,P,1978-07-12,Single,Male,40,2019-12-09,2018-06-03
0227,Lorelei Brown,Lorelei,Brown,17,P,1996-04-26,Marry,Female,30,2019-09-20,2018-05-11
0228,Buck Bechtelar,Buck,Bechtelar,11,C,1988-11-02,Marry,Male,50,2019-02-26,2018-08-09
0229,Jamaal Wisozk,Jamaal,Wisozk,17,P,1981-03-26,Single,Female,34,2019-04-22,2018-02-22
0230,Duncan Jacobi,Duncan,Jacobi,16,C,1967-12-05,Marry,Female,29,2019-05-08,2018-01-02
0231,Luvenia Stamm,Luvenia,Stamm,18,C,1972-07-21,Marry,Female,42,2019-05-28,2018-04-28
0232,Thao Daniel,Thao,Daniel,15,C,1957-06-26,Marry,Male,29,2019-04-24,2018-03-31
0233,Mimi Kutch,Mimi,Kutch,19,P,1968-08-08,Single,Female,40,2019-03-20,2018-09-23
0234,Dominick Stracke,Dominick,Stracke,13,C,1970-09-21,Marry,Male,48,2019-08-10,2018-05-29
0235,Jose Beatty,Jose,Beatty,18,P,1995-10-30,Marry,Female,44,2019-08-05,2018-04-20
0236,Rolf Shields,Rolf,Shields,20,C,1975-06-29,Single,Male,31,2019-02-12,2018-02-04
0237,Carol Haag,Carol,Haag,12,C,1996-02-01,Marry,Male,32,2019-10-25,2018-01-03
0238,Brendan Langworth,Brendan,Langworth,13,C,1981-07-31,Single,Female,33,2019-11-03,2018-04-20
0239,Marica Haag,Marica,Haag,20,P,1990-03-19,Single,Female,48,2019-02-22,2018-10-25
0240,Erwin Morissette,Erwin,Morissette,20,P,1995-01-19,Marry,Male,47,2019-04-13,2018-03-14
0241,Jon Schmeler,Jon,Schmeler,15,C,1960-03-31,Single,Female,50,2019-10-13,2018-01-22
0242,Dennis Walter,Dennis,Walter,16,C,1981-12-07,Single,Female,49,2019-08-18,2018-01-25
0243,King Kuphal,King,Kuphal,12,C,1965-04-23,Marry,Female,48,2019-09-22,2018-11-18
0244,Jarod Labadie,Jarod,Labadie,17,C,1977-09-28,Single,Female,36,2019-04-07,2018-05-26
0245,Morgan Cruickshank,Morgan,Cruickshank,13,C,1968-01-17,Marry,Male,45,2019-12-20,2018-09-08
0246,Efrain Grimes,Efrain,Grimes,14,C,1965-11-08,Marry,Female,46,2019-07-11,2018-05-02
0247,Bessie Welch,Bessie,Welch,10,P,1974-11-26,Single,Male,29,2019-10-05,2018-09-22
0248,Clarice Boehm,Clarice,Boehm,15,P,1981-09-05,Single,Male,42,2019-01-17,2018-03-01
0249,Ta Swift,Ta,Swift,15,P,1963-12-30,Marry,Male,28,2019-02-16,2018-10-14
0250,Sidney Weissnat,Sidney,Weissnat,17,C,1968-09-28,Marry,Male,40,2019-06-15,2018-09-11
0251,Alberto Lindgren,Alberto,Lindgren,15,C,1959-05-19,Single,Male,49,2019-10-07,2018-10-20
0252,Elmer Beer,Elmer,Beer,18,C,1970-04-20,Single,Male,50,2019-05-16,2018-10-13
0253,Dena Rippin,Dena,Rippin,16,C,1961-01-17,Marry,Male,45,2019-02-24,2018-05-30
0254,Austin Hodkiewicz,Austin,Hodkiewicz,14,P,1981-06-07,Marry,Male,33,2019-08-01,2018-07-25
0255,Ronny Huels,Ronny,Huels,14,C,1962-07-21,Single,Female,31,2019-01-09,2018-10-21
0256,Caroline Hamill,Caroline,Hamill,18,C,1973-02-20,Marry,Male,42,2019-12-04,2018-04-29
0257,Travis Turner,Travis,Turner,20,P,1983-10-27,Marry,Female,27,2019-04-08,2018-06-06
0258,Freeman Kuphal,Freeman,Kuphal,12,P,1985-06-17,Marry,Female,40,2019-04-09,2018-08-18
0259,Sheila Wisoky,Sheila,Wisoky,15,P,1978-05-28,Single,Female,31,2019-08-04,2018-02-07
0260,Johnie Rath,Johnie,Rath,10,C,1990-03-07,Single,Male,30,2019-04-30,2018-04-08
0261,Milton Bednar,Milton,Bednar,13,P,1966-10-12,Marry,Male,47,2019-07-08,2018-12-22
0262,Raymon Schaefer,Raymon,Schaefer,18,C,1964-01-15,Single,Male,34,2019-08-16,2018-09-24
0263,Bud Schneider,Bud,Schneider,10,C,1989-03-31,Marry,Female,43,2019-04-16,2018-05-12
0264,Kendrick Kuhlman,Kendrick,Kuhlman,19,C,1995-08-07,Marry,Male,34,2019-12-13,2018-05-18
0265,Cornell Gottlieb,Cornell,Gottlieb,14,P,1978-04-29,Single,Female,32,2019-03-17,2018-06-24
0266,Sharilyn Schuster,Sharilyn,Schuster,10,P,1972-12-22,Single,Female,32,2019-03-18,2018-07-16
0267,Mireille Douglas,Mireille,Douglas,16,P,1969-04-03,Single,Female,37,2019-05-15,2018-11-17
0268,Rich McKenzie,Rich,McKenzie,17,P,1964-03-13,Marry,Female,37,2019-10-03,2018-07-29
0269,Margarette Conroy,Margarette,Conroy,14,C,1978-07-15,Single,Female,36,2019-09-08,2018-03-17
0270,Cheyenne Bahringer,Cheyenne,Bahringer,16,C,1959-06-01,Single,Female,30,2019-11-11,2018-12-14
0271,Toney Hermann,Toney,Hermann,10,P,1973-03-20,Marry,Male,39,2019-01-14,2018-11-30
0272,Eloy Prohaska,Eloy,Prohaska,16,C,1981-08-28,Single,Female,39,2019-03-11,2018-02-28
0273,Jamey Aufderhar,Jamey,Aufderhar,12,P,1996-05-12,Marry,Female,40,2019-10-26,2018-10-22
0274,Deon Anderson,Deon,Anderson,11,P,1985-07-13,Marry,Male,28,2019-04-09,2018-09-01
0275,Arleen Corkery,Arleen,Corkery,13,P,1957-05-23,Single,Male,34,2019-10-31,2018-03-28
0276,Wilbur Abernathy,Wilbur,Abernathy,10,C,1982-08-10,Single,Male,37,2019-11-29,2018-08-20
0277,Mose Kuhn,Mose,Kuhn,18,C,1990-08-04,Single,Female,32,2019-05-13,2018-05-01
0278,Gregg Kunde,Gregg,Kunde,16,P,1976-11-18,Single,Male,47,2019-05-31,2018-08-26
0279,Nicolette Glover,Nicolette,Glover,10,P,1991-03-06,Single,Male,36,2019-01-25,2018-12-01
0280,Santos Walsh,Santos,Walsh,20,P,1971-01-21,Marry,Male,40,2019-08-25,2018-06-02
0281,Normand Carter,Normand,Carter,15,C,1991-08-14,Single,Male,38,2019-01-20,2018-01-19
0282,Pinkie Wiegand,Pinkie,Wiegand,11,P,1961-03-11,Single,Female,32,2019-11-09,2018-02-28
0283,Antonia Armstrong,Antonia,Armstrong,18,C,1977-02-19,Single,Male,33,2019-02-04,2018-05-25
0284,Johnie Hauck,Johnie,Hauck,13,P,1964-09-26,Single,Female,50,2019-10-15,2018-12-04
0285,Woodrow Haag,Woodrow,Haag,16,C,1972-08-06,Single,Male,41,2019-04-20,2018-03-01
0286,Leisa Barrows,Leisa,Barrows,11,C,1971-08-24,Marry,Female,42,2019-02-04,2018-06-08
0287,Shawn Bernier,Shawn,Bernier,13,P,1957-09-10,Single,Female,46,2019-01-30,2018-08-01
0288,Leilani O'Conner,Leilani,O'Conner,17,P,1960-03-22,Marry,Male,38,2019-12-14,2018-03-06
0289,Tamera Parisian,Tamera,Parisian,13,P,1977-12-24,Marry,Male,37,2019-07-07,2018-12-27
0290,Cordie Pacocha,Cordie,Pacocha,15,P,1984-08-09,Marry,Female,35,2019-01-14,2018-11-05
0291,Malissa Watsica,Malissa,Watsica,18,P,1993-07-30,Single,Male,30,2019-10-09,2018-08-10
0292,Freddie Ziemann,Freddie,Ziemann,19,C,1989-10-06,Marry,Male,48,2019-09-16,2018-04-28
0293,Del Torp,Del,Torp,11,C,1969-07-22,Marry,Male,30,2019-03-02,2018-10-16
0294,Edgardo Feest,Edgardo,Feest,16,P,1980-03-21,Single,Female,38,2019-12-03,2018-10-25
0295,Edgar Toy,Edgar,Toy,18,C,1982-06-02,Single,Male,35,2019-02-24,2018-06-08
0296,Britni Goodwin,Britni,Goodwin,10,C,1991-05-29,Marry,Female,32,2019-12-17,2018-10-18
0297,Edward Cummerata,Edward,Cummerata,14,C,1963-11-11,Marry,Female,44,2019-12-21,2018-11-07
0298,Bert Paucek,Bert,Paucek,20,P,1959-02-23,Marry,Male,28,2019-06-27,2018-01-05
0299,Kurtis Weimann,Kurtis,Weimann,13,P,1972-10-09,Marry,Male,46,2019-04-23,2018-03-14
0300,Bettina Nitzsche,Bettina,Nitzsche,20,P,1968-01-14,Single,Male,40,2019-04-02,2018-10-24
0301,Jetta Gaylord,Jetta,Gaylord,12,P,1974-09-13,Marry,Female,37,2019-12-23,2018-07-05
0302,Walton Abbott,Walton,Abbott,14,P,1971-10-21,Single,Female,34,2019-02-02,2018-07-17
0303,Ute Bogisich,Ute,Bogisich,11,P,1969-05-08,Single,Female,50,2019-10-03,2018-04-15
0304,Caron Botsford,Caron,Botsford,13,P,1979-06-26,Single,Male,39,2019-01-08,2018-04-25
0305,Ivey Bergnaum,Ivey,Bergnaum,11,C,1995-05-22,Single,Male,39,2019-07-06,2018-07-19
0306,Emmanuel Greenholt,Emmanuel,Greenholt,13,C,1988-02-04,Single,Female,49,2019-04-10,2018-10-07
0307,Fallon Kohler,Fallon,Kohler,11,C,1989-09-04,Marry,Male,41,2019-10-09,2018-12-15
0308,Khadijah Johnston,Khadijah,Johnston,20,C,1995-03-25,Single,Female,28,2019-09-28,2018-06-17
0309,Apolonia Friesen,Apolonia,Friesen,15,P,1996-07-09,Single,Male,42,2019-11-09,2018-08-09
0310,Roberto DuBuque,Roberto,DuBuque,16,P,1965-05-31,Single,Female,36,2019-04-23,2018-05-17
0311,Rey Murazik,Rey,Murazik,13,C,1984-03-24,Marry,Male,27,2019-05-08,2018-01-04
0312,Noriko Brekke,Noriko,Brekke,18,C,1993-09-21,Single,Female,49,2019-03-27,2018-05-28
0313,Kay Sipes,Kay,Sipes,19,P,1969-08-03,Single,Male,45,2019-03-28,2018-12-05
0314,Deandra Greenholt,Deandra,Greenholt,17,C,1977-12-06,Single,Male,39,2019-12-26,2018-04-30
0315,Melodi Schultz,Melodi,Schultz,10,C,1996-04-08,Single,Female,33,2019-09-11,2018-03-23
0316,Todd Williamson,Todd,Williamson,14,P,1991-05-17,Marry,Female,31,2019-11-20,2018-08-23
0317,Trent Stiedemann,Trent,Stiedemann,16,C,1980-03-14,Single,Male,47,2019-03-25,2018-06-14
0318,Grady Abshire,Grady,Abshire,19,P,1991-07-01,Single,Female,49,2019-12-01,2018-03-09
0319,Megan Schumm,Megan,Schumm,16,C,1963-03-11,Marry,Female,44,2019-08-07,2018-08-14
0320,Jamey King,Jamey,King,13,P,1968-01-04,Single,Female,33,2019-08-10,2018-03-08
0321,Ami Ratke,Ami,Ratke,16,P,1975-03-21,Single,Male,48,2019-06-12,2018-12-29
0322,Nestor Strosin,Nestor,Strosin,10,P,1972-01-15,Single,Female,45,2019-07-22,2018-08-22
0323,Dick Hane,Dick,Hane,11,C,1987-02-03,Single,Female,50,2019-11-13,2018-05-28
0324,Elicia Lind,Elicia,Lind,20,C,1979-03-17,Marry,Female,36,2019-12-02,2018-06-25
0325,Steve Lockman,Steve,Lockman,11,P,1995-01-15,Marry,Male,36,2019-10-04,2018-04-14
0326,Willy Ledner,Willy,Ledner,12,C,1966-03-25,Single,Female,29,2019-01-31,2018-05-08
0327,Kamilah Marks,Kamilah,Marks,14,C,1981-09-25,Single,Male,36,2019-04-29,2018-08-27
0328,Donovan Hoppe,Donovan,Hoppe,14,P,1959-01-24,Marry,Male,40,2019-10-17,2018-03-12
0329,Eduardo Dibbert,Eduardo,Dibbert,13,C,1994-09-28,Single,Female,33,2019-05-30,2018-09-04
0330,Otto Watsica,Otto,Watsica,15,C,1978-04-17,Single,Female,41,2019-06-28,2018-05-10
0331,Clement Roberts,Clement,Roberts,13,P,1986-05-29,Marry,Female,32,2019-10-04,2018-03-25
0332,Elias Hauck,Elias,Hauck,17,P,1984-11-23,Single,Female,48,2019-04-16,2018-12-07
0333,Jermaine Pagac,Jermaine,Pagac,11,P,1975-08-13,Single,Female,33,2019-10-08,2018-09-19
0334,Britt Cormier,Britt,Cormier,19,P,1990-03-04,Single,Male,50,2019-11-24,2018-12-16
0335,Reinaldo Rice,Reinaldo,Rice,14,P,1964-01-08,Marry,Male,35,2019-12-05,2018-12-13
0336,Sammie Bogisich,Sammie,Bogisich,19,P,1960-02-02,Single,Male,49,2019-01-18,2018-01-03
0337,Ned Johnson,Ned,Johnson,10,P,1986-06-29,Single,Male,30,2019-02-01,2018-05-07
0338,Bryce Towne,Bryce,Towne,15,C,1963-03-29,Single,Male,36,2019-07-24,2018-06-03
0339,Cecily Lang,Cecily,Lang,19,C,1965-02-14,Single,Male,43,2019-07-08,2018-09-29
0340,Michelle Howe,Michelle,Howe,18,C,1989-10-20,Marry,Male,49,2019-06-13,2018-07-27
0341,Cordia Schaden,Cordia,Schaden,11,C,1966-11-16,Marry,Female,43,2019-01-15,2018-02-18
0342,Danial Crooks,Danial,Crooks,17,C,1959-04-25,Single,Male,31,2019-11-23,2018-07-08
0343,Marvin Cronin,Marvin,Cronin,13,C,1979-10-27,Marry,Male,33,2019-09-24,2018-12-11
0344,Franklin Bernhard,Franklin,Bernhard,20,C,1970-09-22,Single,Male,48,2019-06-07,2018-08-15
0345,Delbert Klein,Delbert,Klein,16,C,1981-08-18,Marry,Female,37,2019-01-05,2018-01-01
0346,Jessika Senger,Jessika,Senger,20,P,1979-05-01,Marry,Male,34,2019-01-10,2018-12-09
0347,Amalia Schimmel,Amalia,Schimmel,12,C,1964-08-23,Single,Female,46,2019-03-04,2018-09-29
0348,Jospeh Streich,Jospeh,Streich,15,C,1982-03-15,Single,Female,39,2019-12-07,2018-09-06
0349,Sunny Carter,Sunny,Carter,17,P,1961-05-06,Single,Female,49,2019-11-09,2018-11-28
0350,Johnson Dibbert,Johnson,Dibbert,20,C,1995-07-25,Single,Female,44,2019-09-14,2018-09-10
0351,Carroll Gerhold,Carroll,Gerhold,15,C,1980-09-23,Marry,Male,33,2019-07-19,2018-10-16
0352,Janean Walsh,Janean,Walsh,19,P,1961-11-10,Marry,Male,30,2019-04-11,2018-10-21
0353,Wilfred Nikolaus,Wilfred,Nikolaus,15,P,1974-07-07,Marry,Female,48,2019-02-23,2018-02-20
0354,Mario Feest,Mario,Feest,20,P,1991-06-05,Marry,Male,47,2019-09-18,2018-10-28
0355,Aimee Welch,Aimee,Welch,12,C,1961-10-18,Single,Male,36,2019-05-19,2018-09-08
0356,Ricky Smith,Ricky,Smith,13,C,1957-07-25,Marry,Female,27,2019-06-14,2018-03-26
0357,Alphonso Zulauf,Alphonso,Zulauf,18,C,1974-08-17,Single,Female,36,2019-05-20,2018-08-14
0358,Kenia Rau,Kenia,Rau,10,P,1984-09-16,Marry,Female,50,2019-10-13,2018-12-07
0359,Catalina Botsford,Catalina,Botsford,13,P,1992-02-06,Single,Female,39,2019-08-22,2018-10-26
0360,Edgardo Jacobi,Edgardo,Jacobi,17,P,1972-09-12,Single,Male,29,2019-06-24,2018-08-24
0361,Roma Goyette,Roma,Goyette,14,P,1963-01-15,Single,Female,29,2019-01-12,2018-04-16
0362,Jed Effertz,Jed,Effertz,10,C,1979-04-28,Single,Female,42,2019-08-07,2018-08-28
0363,Robbin Wilderman,Robbin,Wilderman,14,P,1974-10-28,Marry,Male,31,2019-11-21,2018-12-09
0364,Celestine Weissnat,Celestine,Weissnat,19,P,1970-12-12,Single,Female,50,2019-07-22,2018-04-16
0365,Alden Botsford,Alden,Botsford,19,C,1991-08-11,Marry,Female,29,2019-01-01,2018-07-13
0366,Yahaira Hettinger,Yahaira,Hettinger,12,P,1977-10-18,Single,Female,34,2019-05-23,2018-08-06
0367,Kristofer Halvorson,Kristofer,Halvorson,18,P,1994-10-14,Marry,Male,34,2019-01-29,2018-08-01
0368,Lewis Mitchell,Lewis,Mitchell,11,P,1957-01-25,Marry,Female,29,2019-09-16,2018-08-26
0369,Damien Schowalter,Damien,Schowalter,12,C,1960-08-03,Single,Female,36,2019-06-25,2018-04-01
0370,Bo Fay,Bo,Fay,11,P,1985-03-18,Single,Male,37,2019-05-28,2018-12-03
0371,Ivana Thiel,Ivana,Thiel,10,P,1957-02-23,Single,Male,45,2019-06-17,2018-11-18
0372,Issac Heathcote,Issac,Heathcote,19,P,1990-05-12,Single,Female,39,2019-08-30,2018-06-11
0373,Meryl Christiansen,Meryl,Christiansen,15,P,1958-07-21,Marry,Male,30,2019-02-11,2018-01-13
0374,Ester Murphy,Ester,Murphy,15,P,1978-06-01,Single,Female,34,2019-01-10,2018-10-22
0375,Ashley O'Hara,Ashley,O'Hara,20,C,1988-12-06,Marry,Female,35,2019-01-19,2018-07-02
0376,Hector Bins,Hector,Bins,19,P,1972-01-11,Single,Female,47,2019-08-21,2018-12-20
0377,Luci Steuber,Luci,Steuber,19,C,1974-05-13,Marry,Male,34,2019-06-13,2018-03-30
0378,Mimi Ward,Mimi,Ward,10,P,1976-11-30,Single,Female,31,2019-04-09,2018-06-13
0379,Wilton Abernathy,Wilton,Abernathy,20,C,1976-06-13,Single,Female,28,2019-10-22,2018-10-25
0380,Norma Hintz,Norma,Hintz,11,P,1983-08-05,Marry,Male,44,2019-10-23,2018-03-30
0381,Emanuel Bailey,Emanuel,Bailey,13,C,1985-12-03,Single,Male,41,2019-01-06,2018-02-20
0382,Mitzi Satterfield,Mitzi,Satterfield,18,P,1970-09-17,Marry,Male,29,2019-10-21,2018-10-29
0383,Emmanuel Gorczany,Emmanuel,Gorczany,11,C,1969-04-04,Marry,Female,46,2019-08-14,2018-11-09
0384,Lashandra Beier,Lashandra,Beier,13,P,1961-06-30,Marry,Female,34,2019-12-31,2018-10-23
0385,Armand Wolff,Armand,Wolff,12,C,1986-05-08,Marry,Male,35,2019-02-13,2018-08-15
0386,Vern Heathcote,Vern,Heathcote,15,P,1996-08-01,Single,Male,43,2019-04-28,2018-04-26
0387,Charley Kassulke,Charley,Kassulke,20,C,1973-12-23,Marry,Male,44,2019-10-09,2018-11-13
0388,Eddie Baumbach,Eddie,Baumbach,20,C,1970-11-19,Marry,Male,46,2019-08-25,2018-08-12
0389,King Lynch,King,Lynch,18,P,1994-01-10,Marry,Female,36,2019-12-15,2018-01-15
0390,Moses Kessler,Moses,Kessler,18,P,1981-03-14,Marry,Female,38,2019-04-19,2018-06-20
0391,Nicolas Abbott,Nicolas,Abbott,18,P,1993-05-01,Single,Male,28,2019-08-27,2018-07-09
0392,Perry Hane,Perry,Hane,13,P,1971-07-25,Marry,Female,39,2019-08-28,2018-12-27
0393,Nicky Streich,Nicky,Streich,13,P,1989-07-01,Single,Male,41,2019-05-14,2018-07-25
0394,Arturo Stark,Arturo,Stark,13,P,1974-06-19,Marry,Male,28,2019-02-02,2018-12-04
0395,Sung Renner,Sung,Renner,13,C,1979-04-04,Marry,Female,39,2019-12-16,2018-03-02
0396,Mike Schmitt,Mike,Schmitt,20,P,1981-01-09,Marry,Female,29,2019-07-03,2018-01-25
0397,Elvis Stroman,Elvis,Stroman,12,P,1979-06-30,Single,Female,50,2019-03-24,2018-05-30
0398,Augustine Lynch,Augustine,Lynch,14,P,1985-03-03,Marry,Female,32,2019-06-10,2018-01-05
0399,Tomeka Towne,Tomeka,Towne,12,C,1993-10-15,Single,Male,28,2019-01-21,2018-08-17
0400,Jamison Dietrich,Jamison,Dietrich,19,P,1961-05-13,Marry,Female,43,2019-07-26,2018-05-03
0401,Israel VonRueden,Israel,VonRueden,13,C,1978-09-27,Marry,Female,41,2019-01-03,2018-07-25
0402,Gabriela Nolan,Gabriela,Nolan,14,P,1975-02-19,Marry,Female,35,2019-07-11,2018-08-24
0403,Barry Ankunding,Barry,Ankunding,18,P,1995-07-28,Single,Female,41,2019-02-26,2018-11-19
0404,Felix Dare,Felix,Dare,17,P,1974-04-16,Marry,Female,35,2019-03-30,2018-08-20
0405,Marty Ebert,Marty,Ebert,11,C,1975-07-05,Marry,Female,40,2019-10-09,2018-05-12
0406,Eli Morar,Eli,Morar,10,C,1983-07-02,Single,Male,41,2019-09-16,2018-12-26
0407,Robert Leffler,Robert,Leffler,12,C,1967-09-26,Marry,Male,50,2019-02-20,2018-04-22
0408,Alonzo Corwin,Alonzo,Corwin,12,C,1986-08-15,Marry,Female,36,2019-11-28,2018-01-07
0409,Narcisa Corkery,Narcisa,Corkery,17,P,1963-05-21,Marry,Male,45,2019-11-30,2018-02-11
0410,Benny Altenwerth,Benny,Altenwerth,18,P,1966-06-11,Single,Female,35,2019-07-03,2018-06-26
0411,Joyce Becker,Joyce,Becker,10,C,1971-05-21,Single,Male,38,2019-09-25,2018-06-13
0412,Elfrieda Ritchie,Elfrieda,Ritchie,19,P,1993-07-26,Marry,Male,48,2019-07-11,2018-06-13
0413,Douglass Bayer,Douglass,Bayer,17,P,1964-10-18,Marry,Female,28,2019-12-25,2018-06-15
0414,Evelina Bosco,Evelina,Bosco,15,C,1968-10-22,Marry,Male,29,2019-03-30,2018-12-07
0415,Cameron Swaniawski,Cameron,Swaniawski,14,C,1980-09-03,Marry,Male,46,2019-09-16,2018-02-07
0416,Jody Grant,Jody,Grant,15,C,1993-06-02,Marry,Female,49,2019-02-09,2018-09-19
0417,Clemente Weber,Clemente,Weber,18,P,1989-01-21,Single,Male,32,2019-04-23,2018-02-20
0418,Elvera Mertz,Elvera,Mertz,19,C,1990-07-18,Marry,Female,39,2019-11-22,2018-01-31
0419,Josphine Sporer,Josphine,Sporer,16,P,1967-02-10,Single,Male,49,2019-09-23,2018-08-03
0420,Waneta Bednar,Waneta,Bednar,20,C,1986-01-12,Marry,Male,30,2019-12-30,2018-09-16
0421,Caroll Schulist,Caroll,Schulist,10,P,1957-12-24,Marry,Female,45,2019-03-12,2018-10-19
0422,Damon Stroman,Damon,Stroman,19,C,1995-05-17,Single,Male,43,2019-09-22,2018-10-15
0423,Carmina Fritsch,Carmina,Fritsch,17,P,1978-09-22,Single,Male,49,2019-01-12,2018-12-18
0424,Sal Feest,Sal,Feest,17,C,1973-02-22,Marry,Male,32,2019-07-21,2018-04-17
0425,Caitlin Jones,Caitlin,Jones,19,P,1971-06-27,Marry,Female,44,2019-10-06,2018-05-20
0426,Ha Rice,Ha,Rice,16,P,1996-08-16,Marry,Female,31,2019-10-03,2018-01-09
0427,Guillermo Vandervort,Guillermo,Vandervort,16,C,1968-03-29,Marry,Female,29,2019-08-16,2018-04-07
0428,Loyd Wehner,Loyd,Wehner,19,C,1957-12-16,Single,Male,39,2019-10-25,2018-03-14
0429,Britteny Emard,Britteny,Emard,18,P,1959-04-03,Marry,Female,38,2019-06-27,2018-06-09
0430,Alvaro Kuhn,Alvaro,Kuhn,20,C,1979-04-27,Single,Female,38,2019-02-08,2018-08-13
0431,Ward Waelchi,Ward,Waelchi,19,P,1974-09-17,Single,Male,29,2019-04-09,2018-02-23
0432,Ellsworth Keeling,Ellsworth,Keeling,11,C,1984-01-06,Single,Male,47,2019-04-06,2018-05-16
0433,Magdalen Herzog,Magdalen,Herzog,13,P,1957-10-09,Marry,Male,45,2019-12-08,2018-10-31
0434,Jerrell Mraz,Jerrell,Mraz,17,C,1977-02-09,Marry,Male,31,2019-05-27,2018-08-03
0435,Rory Lehner,Rory,Lehner,19,C,1965-03-05,Marry,Male,30,2019-02-17,2018-09-12
0436,Hubert Reynolds,Hubert,Reynolds,15,C,1993-04-24,Single,Female,29,2019-04-21,2018-09-22
0437,Mack Torphy,Mack,Torphy,13,P,1960-03-28,Marry,Male,47,2019-11-21,2018-11-16
0438,Maynard Streich,Maynard,Streich,19,C,1963-02-26,Marry,Male,38,2019-06-02,2018-10-01
0439,Alphonso Heaney,Alphonso,Heaney,10,P,1959-04-20,Single,Female,50,2019-08-09,2018-09-20
0440,Carlton Nikolaus,Carlton,Nikolaus,20,P,1958-02-19,Marry,Male,50,2019-11-22,2018-04-21
0441,Junior Hickle,Junior,Hickle,14,P,1978-12-16,Marry,Male,32,2019-04-23,2018-12-17
0442,Wiley Crooks,Wiley,Crooks,15,C,1991-03-14,Single,Male,33,2019-04-19,2018-03-09
0443,Keneth Dickens,Keneth,Dickens,15,C,1989-08-31,Marry,Male,40,2019-04-05,2018-10-26
0444,Marcell Stamm,Marcell,Stamm,18,C,1996-11-21,Marry,Male,48,2019-01-21,2018-03-13
0445,Deneen Ebert,Deneen,Ebert,17,P,1989-05-06,Marry,Male,43,2019-12-06,2018-10-22
0446,Dane Block,Dane,Block,10,P,1979-10-22,Single,Male,32,2019-06-15,2018-02-04
0447,Reuben Beier,Reuben,Beier,18,C,1996-10-20,Single,Male,36,2019-04-28,2018-01-15
0448,Lorenzo Buckridge,Lorenzo,Buckridge,18,C,1978-07-26,Single,Male,29,2019-10-27,2018-06-25
0449,Pete Beahan,Pete,Beahan,15,C,1963-01-04,Single,Female,40,2019-09-06,2018-04-12
0450,Milda Hodkiewicz,Milda,Hodkiewicz,15,P,1965-05-26,Single,Male,48,2019-01-18,2018-02-17
0451,Jessie Sanford,Jessie,Sanford,14,P,1966-03-22,Marry,Female,45,2019-06-15,2018-09-27
0452,Russ Glover,Russ,Glover,20,C,1957-03-08,Single,Male,47,2019-05-22,2018-10-29
0453,Barry Gleason,Barry,Gleason,13,C,1991-02-23,Marry,Female,40,2019-10-07,2018-03-15
0454,Clark Hintz,Clark,Hintz,12,P,1996-02-04,Marry,Female,45,2019-12-02,2018-12-13
0455,Princess Ankunding,Princess,Ankunding,15,C,1957-09-27,Single,Female,40,2019-09-01,2018-02-13
0456,Deeann King,Deeann,King,14,C,1981-05-08,Marry,Female,33,2019-07-06,2018-06-16
0457,Stephany Waters,Stephany,Waters,10,P,1969-10-08,Marry,Female,36,2019-07-31,2018-04-14
0458,Reda Watsica,Reda,Watsica,18,P,1957-09-18,Marry,Female,47,2019-01-16,2018-07-10
0459,Evelynn Bode,Evelynn,Bode,14,P,1988-05-27,Single,Male,33,2019-11-01,2018-08-28
0460,Foster Nienow,Foster,Nienow,11,C,1964-12-23,Marry,Male,27,2019-11-05,2018-04-02
0461,Mark McKenzie,Mark,McKenzie,19,C,1995-01-20,Marry,Female,39,2019-10-16,2018-06-05
0462,Toby Hettinger,Toby,Hettinger,14,C,1957-10-11,Single,Male,46,2019-03-11,2018-08-10
0463,Ranee Kub,Ranee,Kub,17,P,1975-03-15,Single,Female,35,2019-01-16,2018-04-09
0464,Cameron Hilll,Cameron,Hilll,11,C,1962-11-23,Marry,Male,34,2019-09-24,2018-09-23
0465,Ollie Murphy,Ollie,Murphy,16,P,1967-07-30,Single,Female,42,2019-11-08,2018-11-26
0466,Arlie Reynolds,Arlie,Reynolds,10,P,1994-01-02,Single,Female,39,2019-01-07,2018-01-27
0467,Alphonse Schulist,Alphonse,Schulist,14,C,1972-10-15,Single,Female,45,2019-04-16,2018-07-28
0468,Marvel Hettinger,Marvel,Hettinger,10,P,1967-03-07,Marry,Male,39,2019-03-30,2018-05-21
0469,Julian Abernathy,Julian,Abernathy,19,C,1968-09-22,Single,Male,49,2019-09-21,2018-08-16
0470,Vallie Bosco,Vallie,Bosco,19,P,1961-03-26,Single,Male,36,2019-07-09,2018-08-03
0471,Garth Kunze,Garth,Kunze,11,C,1962-12-16,Marry,Male,44,2019-07-12,2018-09-12
0472,Ahmed Zieme,Ahmed,Zieme,14,C,1990-05-07,Single,Male,34,2019-02-28,2018-06-02
0473,Nidia McClure,Nidia,McClure,12,C,1995-02-17,Single,Female,32,2019-02-05,2018-03-24
0474,Terrence Brekke,Terrence,Brekke,18,P,1960-01-24,Marry,Male,31,2019-09-09,2018-12-04
0475,Maya Wyman,Maya,Wyman,20,P,1972-03-18,Marry,Female,37,2019-05-05,2018-09-16
0476,Anika Fisher,Anika,Fisher,14,C,1966-01-17,Single,Female,45,2019-09-20,2018-01-05
0477,Shana Spencer,Shana,Spencer,10,P,1960-11-12,Marry,Male,43,2019-04-17,2018-01-06
0478,Sheldon Weissnat,Sheldon,Weissnat,15,C,1992-11-05,Single,Female,29,2019-10-24,2018-01-12
0479,Dwain Effertz,Dwain,Effertz,18,P,1989-10-22,Marry,Male,33,2019-10-22,2018-09-13
0480,Aleisha Borer,Aleisha,Borer,10,C,1994-11-14,Single,Male,45,2019-08-25,2018-11-12
0481,Mirtha Sawayn,Mirtha,Sawayn,20,P,1985-08-12,Single,Female,38,2019-08-05,2018-12-11
0482,Dane Kutch,Dane,Kutch,15,P,1988-09-03,Single,Male,41,2019-01-11,2018-05-03
0483,Marry Volkman,Marry,Volkman,14,P,1958-10-26,Single,Male,40,2019-09-11,2018-03-29
0484,Edwardo Crooks,Edwardo,Crooks,12,C,1983-05-28,Marry,Male,43,2019-07-16,2018-06-03
0485,Ray Lynch,Ray,Lynch,15,C,1977-10-04,Marry,Female,33,2019-05-18,2018-06-10
0486,Audie Stark,Audie,Stark,13,C,1989-01-03,Marry,Female,39,2019-11-18,2018-08-10
0487,Regena Turner,Regena,Turner,15,C,1976-11-29,Marry,Female,50,2019-04-28,2018-06-29
0488,Trinidad D'Amore,Trinidad,D'Amore,15,C,1979-08-16,Single,Male,50,2019-07-31,2018-10-31
0489,Chet Schuppe,Chet,Schuppe,20,C,1980-05-22,Marry,Male,45,2019-11-10,2018-12-20
0490,Quincy Rippin,Quincy,Rippin,13,P,1983-02-16,Single,Male,39,2019-05-18,2018-04-16
0491,Shellie Cummerata,Shellie,Cummerata,17,C,1979-09-20,Marry,Male,30,2019-09-17,2018-05-20
0492,Otha Gottlieb,Otha,Gottlieb,16,C,1977-03-16,Marry,Male,39,2019-03-03,2018-05-30
0493,Amal Jast,Amal,Jast,11,C,1969-07-25,Marry,Male,35,2019-02-25,2018-03-18
0494,Charlette Jones,Charlette,Jones,19,P,1995-05-31,Single,Male,46,2019-05-09,2018-01-10
0495,Denny Runolfsdottir,Denny,Runolfsdottir,17,C,1993-05-24,Single,Male,36,2019-01-12,2018-01-03
0496,Dominique Rempel,Dominique,Rempel,17,C,1962-01-12,Marry,Male,46,2019-10-31,2018-12-23
0497,Loris Schuster,Loris,Schuster,14,C,1969-10-24,Marry,Female,37,2019-01-14,2018-05-15
0498,Latanya Reilly,Latanya,Reilly,19,P,1985-07-03,Marry,Male,41,2019-12-24,2018-03-20
0499,Guadalupe Murray,Guadalupe,Murray,20,C,1966-05-10,Single,Male,34,2019-07-16,2018-07-20
0500,Wilfred Fahey,Wilfred,Fahey,14,C,1966-03-23,Single,Female,37,2019-01-06,2018-05-23
0501,Len Aufderhar,Len,Aufderhar,11,P,1985-05-25,Marry,Female,28,2019-06-14,2018-06-28
0502,Ehtel Mertz,Ehtel,Mertz,14,C,1981-05-28,Marry,Male,42,2019-10-27,2018-06-09
0503,Dell Cruickshank,Dell,Cruickshank,12,P,1995-10-14,Marry,Female,31,2019-01-03,2018-10-11
0504,Thanh Daugherty,Thanh,Daugherty,19,P,1977-06-04,Marry,Female,30,2019-06-27,2018-11-30
0505,Leslie Fay,Leslie,Fay,12,C,1963-11-17,Marry,Female,30,2019-04-26,2018-10-10
0506,Margarete Nolan,Margarete,Nolan,10,P,1996-11-17,Marry,Male,47,2019-07-24,2018-06-30
0507,Raymon Cole,Raymon,Cole,10,P,1982-11-16,Single,Male,32,2019-12-14,2018-03-10
0508,Mellisa Armstrong,Mellisa,Armstrong,11,C,1981-12-19,Single,Female,38,2019-09-21,2018-07-31
0509,Sang Tremblay,Sang,Tremblay,16,C,1964-09-24,Single,Female,28,2019-05-16,2018-11-21
0510,Mike Raynor,Mike,Raynor,20,P,1979-09-23,Single,Male,43,2019-06-18,2018-11-08
0511,Walter Thompson,Walter,Thompson,14,P,1964-12-27,Single,Male,40,2019-11-23,2018-08-30
0512,Karin Yundt,Karin,Yundt,15,C,1973-07-14,Single,Female,32,2019-02-15,2018-12-10
0513,Ramon Littel,Ramon,Littel,19,C,1960-06-12,Single,Male,31,2019-03-11,2018-01-20
0514,Dorene Hilll,Dorene,Hilll,16,P,1978-10-01,Marry,Female,49,2019-05-04,2018-03-16
0515,Ngoc Ziemann,Ngoc,Ziemann,20,P,1985-01-25,Single,Female,47,2019-09-21,2018-10-02
0516,Gino Bauch,Gino,Bauch,14,C,1984-03-01,Marry,Male,27,2019-05-15,2018-05-14
0517,Elidia Bradtke,Elidia,Bradtke,19,P,1992-07-11,Single,Male,39,2019-12-11,2018-06-21
0518,Maryjane Streich,Maryjane,Streich,14,P,1978-04-21,Single,Female,27,2019-11-29,2018-08-14
0519,Kirby Ullrich,Kirby,Ullrich,12,P,1969-01-20,Single,Male,38,2019-01-06,2018-01-22
0520,Dominique Morissette,Dominique,Morissette,15,C,1979-11-18,Marry,Male,44,2019-01-11,2018-01-16
0521,Bryce Grimes,Bryce,Grimes,19,P,1957-09-20,Single,Female,31,2019-05-18,2018-06-07
0522,Sydney Streich,Sydney,Streich,16,C,1973-07-12,Marry,Male,34,2019-04-22,2018-06-10
0523,Rogelio Towne,Rogelio,Towne,11,C,1989-12-24,Marry,Female,50,2019-12-29,2018-10-08
0524,Shamika Stehr,Shamika,Stehr,12,C,1966-05-26,Marry,Female,34,2019-10-29,2018-07-08
0525,Mimi Kunze,Mimi,Kunze,16,P,1959-10-15,Single,Male,29,2019-02-24,2018-04-27
0526,Jamal Raynor,Jamal,Raynor,12,C,1986-01-09,Single,Male,50,2019-08-26,2018-02-16
0527,Verona Waelchi,Verona,Waelchi,18,P,1989-08-07,Marry,Male,48,2019-03-16,2018-07-10
0528,Gerald Waters,Gerald,Waters,16,C,1958-01-13,Marry,Male,44,2019-03-29,2018-03-19
0529,Simon Gerhold,Simon,Gerhold,14,P,1973-05-01,Single,Male,27,2019-07-13,2018-07-04
0530,Ronald Hauck,Ronald,Hauck,19,P,1975-07-01,Single,Female,46,2019-06-13,2018-01-18
0531,Melany Kozey,Melany,Kozey,13,P,1984-07-02,Marry,Female,29,2019-12-19,2018-10-24
0532,Ward Kulas,Ward,Kulas,17,P,1966-03-22,Single,Male,34,2019-07-24,2018-02-01
0533,Cesar O'Reilly,Cesar,O'Reilly,18,P,1995-02-23,Single,Male,30,2019-03-18,2018-12-09
0534,Velma Larson,Velma,Larson,11,P,1989-05-31,Single,Female,37,2019-09-20,2018-01-07
0535,Sachiko Ferry,Sachiko,Ferry,18,C,1977-05-17,Marry,Male,38,2019-04-10,2018-08-17
0536,Dione Deckow,Dione,Deckow,20,P,1978-09-26,Single,Male,33,2019-01-14,2018-06-16
0537,Alyse Quigley,Alyse,Quigley,11,P,1992-05-31,Single,Male,42,2019-08-27,2018-11-26
0538,Gabriela Schumm,Gabriela,Schumm,15,C,1987-05-10,Marry,Female,43,2019-08-24,2018-01-14
0539,Kiara Rippin,Kiara,Rippin,13,C,1984-06-16,Single,Female,44,2019-08-14,2018-03-09
0540,Hershel Morar,Hershel,Morar,13,P,1976-05-25,Single,Male,39,2019-11-07,2018-07-18
0541,Annalisa Ondricka,Annalisa,Ondricka,20,P,1957-06-21,Single,Female,32,2019-11-14,2018-06-11
0542,Alexa Klein,Alexa,Klein,17,C,1962-05-02,Marry,Male,34,2019-12-06,2018-01-07
0543,Loren Robel,Loren,Robel,11,P,1958-02-16,Single,Female,41,2019-04-10,2018-06-25
0544,Edmond Koepp,Edmond,Koepp,20,C,1994-10-06,Single,Male,49,2019-06-14,2018-10-07
0545,Stan Kshlerin,Stan,Kshlerin,15,C,1957-02-23,Marry,Male,37,2019-07-10,2018-08-22
0546,Thersa Kirlin,Thersa,Kirlin,20,C,1972-06-14,Single,Female,43,2019-08-22,2018-11-18
0547,Britta MacGyver,Britta,MacGyver,11,C,1959-08-30,Single,Male,50,2019-02-20,2018-12-18
0548,Luci Hudson,Luci,Hudson,18,C,1995-03-04,Marry,Male,30,2019-01-16,2018-06-08
0549,Enoch Welch,Enoch,Welch,13,P,1975-08-28,Marry,Female,32,2019-09-24,2018-09-13
0550,Rusty Russel,Rusty,Russel,13,P,1973-12-23,Single,Female,28,2019-11-10,2018-07-12
0551,Harmony Farrell,Harmony,Farrell,13,P,1958-04-14,Marry,Male,27,2019-11-19,2018-10-05
0552,Jerome Kutch,Jerome,Kutch,12,C,1991-11-09,Marry,Male,47,2019-04-27,2018-07-28
0553,Jim Kunze,Jim,Kunze,17,P,1957-12-25,Single,Female,40,2019-05-16,2018-11-19
0554,Darren Kunze,Darren,Kunze,16,C,1979-04-10,Marry,Female,40,2019-06-28,2018-04-15
0555,Merri Glover,Merri,Glover,14,C,1973-06-16,Single,Male,36,2019-05-31,2018-04-20
0556,Arlie Hauck,Arlie,Hauck,11,C,1966-10-04,Single,Male,43,2019-12-22,2018-02-06
0557,Roland Heidenreich,Roland,Heidenreich,11,C,1970-07-19,Marry,Male,27,2019-08-17,2018-02-28
0558,Randolph Stoltenberg,Randolph,Stoltenberg,16,C,1972-09-04,Single,Male,27,2019-04-25,2018-04-20
0559,Launa Huel,Launa,Huel,18,C,1993-09-20,Single,Female,43,2019-07-26,2018-07-22
0560,Tyler Barton,Tyler,Barton,19,P,1981-01-27,Marry,Male,44,2019-03-09,2018-11-12
0561,Yoshiko Torphy,Yoshiko,Torphy,17,C,1983-11-19,Single,Female,44,2019-02-26,2018-10-04
0562,Stacee Hessel,Stacee,Hessel,12,C,1961-02-06,Marry,Male,43,2019-02-13,2018-01-08
0563,Johnnie Schneider,Johnnie,Schneider,16,P,1986-03-16,Single,Female,36,2019-12-12,2018-05-06
0564,Angeles Feest,Angeles,Feest,10,C,1992-01-30,Marry,Male,48,2019-04-13,2018-03-24
0565,Perry Kreiger,Perry,Kreiger,15,P,1987-11-16,Marry,Male,50,2019-08-16,2018-02-12
0566,Kirstin Wuckert,Kirstin,Wuckert,20,C,1960-05-22,Marry,Male,28,2019-10-14,2018-06-21
0567,Rueben Lebsack,Rueben,Lebsack,12,C,1958-12-30,Marry,Female,40,2019-07-25,2018-11-21
0568,Jerri Langosh,Jerri,Langosh,17,P,1991-12-19,Marry,Male,40,2019-09-26,2018-07-19
0569,Miriam King,Miriam,King,20,C,1973-04-06,Single,Female,29,2019-08-13,2018-06-11
0570,Kattie West,Kattie,West,18,P,1985-08-16,Single,Female,29,2019-12-07,2018-11-27
0571,Alfreda Keeling,Alfreda,Keeling,11,C,1986-09-14,Marry,Male,37,2019-07-18,2018-04-22
0572,Elliott Ritchie,Elliott,Ritchie,19,P,1968-08-18,Marry,Female,29,2019-12-21,2018-05-16
0573,Kacie Langosh,Kacie,Langosh,15,P,1987-01-09,Marry,Female,49,2019-11-29,2018-05-06
0574,Tamisha Goodwin,Tamisha,Goodwin,10,C,1967-02-11,Marry,Female,31,2019-09-01,2018-07-13
0575,Melody Hermann,Melody,Hermann,15,P,1964-11-09,Marry,Male,36,2019-06-14,2018-07-03
0576,Garry Gerhold,Garry,Gerhold,11,P,1985-03-25,Marry,Female,41,2019-01-15,2018-08-08
0577,Raymond Kessler,Raymond,Kessler,19,P,1992-11-11,Marry,Male,33,2019-12-31,2018-01-14
0578,Seymour Larson,Seymour,Larson,10,P,1991-06-25,Marry,Female,46,2019-02-07,2018-06-09
0579,Caitlyn Jacobi,Caitlyn,Jacobi,18,C,1984-02-21,Single,Male,49,2019-08-12,2018-05-18
0580,Marry Kunze,Marry,Kunze,18,C,1994-10-05,Single,Female,45,2019-08-11,2018-02-08
0581,Merrilee Leuschke,Merrilee,Leuschke,15,C,1966-08-23,Single,Male,33,2019-07-06,2018-11-03
0582,Ezra Klein,Ezra,Klein,10,P,1971-02-21,Single,Male,40,2019-11-23,2018-06-08
0583,Merle Parker,Merle,Parker,17,C,1985-02-18,Single,Male,37,2019-01-28,2018-09-19
0584,Layne Lehner,Layne,Lehner,20,C,1962-08-01,Single,Male,49,2019-09-22,2018-06-23
0585,Bernie Kiehn,Bernie,Kiehn,12,C,1973-06-29,Single,Male,42,2019-09-22,2018-08-16
0586,Frederic Dietrich,Frederic,Dietrich,16,P,1967-04-12,Marry,Male,44,2019-08-05,2018-03-31
0587,Thurman Konopelski,Thurman,Konopelski,13,P,1962-10-18,Marry,Male,28,2019-12-23,2018-03-03
0588,Chadwick Mayer,Chadwick,Mayer,16,P,1990-03-21,Single,Female,31,2019-10-13,2018-03-22
0589,Gerardo Murray,Gerardo,Murray,13,C,1969-12-18,Marry,Female,44,2019-11-01,2018-09-04
0590,Guillermo Muller,Guillermo,Muller,16,P,1984-02-15,Marry,Female,36,2019-04-28,2018-06-06
0591,Cammie Kozey,Cammie,Kozey,16,P,1994-11-26,Single,Female,50,2019-10-25,2018-04-05
0592,Celia Gerhold,Celia,Gerhold,19,C,1957-10-27,Single,Male,38,2019-07-18,2018-01-08
0593,Sona Turcotte,Sona,Turcotte,13,P,1960-04-27,Marry,Female,39,2019-11-07,2018-06-03
0594,Lidia Feeney,Lidia,Feeney,17,C,1965-08-09,Single,Male,43,2019-11-29,2018-03-12
0595,Fanny Harvey,Fanny,Harvey,20,C,1968-05-26,Marry,Female,39,2019-05-08,2018-12-15
0596,Carter D'Amore,Carter,D'Amore,20,C,1969-01-12,Single,Female,43,2019-07-26,2018-12-23
0597,Jeremiah Schneider,Jeremiah,Schneider,14,C,1984-05-08,Marry,Female,42,2019-05-24,2018-07-06
0598,Ivory Rau,Ivory,Rau,18,P,1983-10-18,Single,Male,38,2019-12-18,2018-01-27
0599,Jolie Little,Jolie,Little,20,C,1975-10-23,Single,Male,37,2019-03-29,2018-01-31
0600,Isidro Kreiger,Isidro,Kreiger,20,P,1971-04-21,Marry,Male,38,2019-04-16,2018-02-06
0601,Myles Abernathy,Myles,Abernathy,17,C,1995-04-30,Marry,Male,45,2019-07-12,2018-06-27
0602,Darin Buckridge,Darin,Buckridge,14,C,1965-06-22,Single,Female,44,2019-02-14,2018-01-28
0603,Tamar Franecki,Tamar,Franecki,19,P,1983-01-20,Marry,Female,35,2019-03-04,2018-09-28
0604,Lindsy Bradtke,Lindsy,Bradtke,20,P,1974-06-28,Single,Male,36,2019-01-25,2018-06-13
0605,Malcom Tromp,Malcom,Tromp,17,P,1989-08-26,Single,Female,44,2019-11-23,2018-10-01
0606,Dallas Russel,Dallas,Russel,11,C,1986-06-09,Single,Female,41,2019-07-07,2018-06-07
0607,Wanda Doyle,Wanda,Doyle,19,P,1973-06-08,Marry,Female,48,2019-01-20,2018-07-23
0608,Cristopher Schmeler,Cristopher,Schmeler,20,P,1983-03-28,Single,Female,31,2019-07-07,2018-09-29
0609,Augustine Brekke,Augustine,Brekke,19,C,1960-03-03,Single,Male,40,2019-10-17,2018-10-24
0610,Carmine Schiller,Carmine,Schiller,12,C,1994-05-21,Single,Female,28,2019-05-26,2018-05-25
0611,Fidelia Schmeler,Fidelia,Schmeler,11,P,1985-09-15,Marry,Male,34,2019-10-05,2018-04-12
0612,Rosa Fadel,Rosa,Fadel,18,C,1973-07-21,Marry,Female,33,2019-07-08,2018-09-26
0613,Remedios Stamm,Remedios,Stamm,12,P,1966-08-21,Marry,Male,33,2019-10-27,2018-01-05
0614,Gene Christiansen,Gene,Christiansen,18,C,1993-04-06,Marry,Male,41,2019-11-18,2018-11-20
0615,Mallory Pouros,Mallory,Pouros,14,C,1962-08-07,Marry,Female,44,2019-08-23,2018-06-22
0616,Tyler Jerde,Tyler,Jerde,12,C,1996-03-05,Marry,Male,42,2019-10-15,2018-12-02
0617,Jaime Schowalter,Jaime,Schowalter,19,P,1987-04-29,Marry,Female,32,2019-12-23,2018-03-04
0618,Ardith Little,Ardith,Little,13,P,1959-11-30,Marry,Female,27,2019-07-12,2018-09-29
0619,Ira Hansen,Ira,Hansen,12,P,1989-12-31,Single,Female,31,2019-09-17,2018-04-27
0620,Zella Russel,Zella,Russel,13,C,1977-07-14,Marry,Female,35,2019-09-03,2018-07-13
0621,Shea Schuppe,Shea,Schuppe,10,P,1988-12-02,Marry,Female,45,2019-01-01,2018-11-05
0622,Dan Wolf,Dan,Wolf,13,C,1972-09-11,Marry,Female,31,2019-05-21,2018-11-25
0623,Vivan Huels,Vivan,Huels,11,C,1987-05-14,Marry,Female,44,2019-03-06,2018-02-06
0624,Thad Kozey,Thad,Kozey,17,P,1975-04-12,Marry,Male,35,2019-05-08,2018-12-05
0625,Austin Zulauf,Austin,Zulauf,17,P,1962-03-11,Single,Female,27,2019-11-16,2018-08-14
0626,Kayce McLaughlin,Kayce,McLaughlin,19,P,1965-09-08,Marry,Male,34,2019-02-03,2018-06-24
0627,Thomasina Schumm,Thomasina,Schumm,16,P,1992-05-14,Marry,Female,30,2019-01-03,2018-01-10
0628,Coleman Witting,Coleman,Witting,16,C,1965-03-24,Single,Male,45,2019-02-06,2018-03-06
0629,Francesco Mann,Francesco,Mann,17,C,1966-01-29,Single,Male,45,2019-08-08,2018-11-11
0630,Marlin Pacocha,Marlin,Pacocha,14,C,1961-06-06,Single,Female,49,2019-01-02,2018-03-10
0631,Juliette Doyle,Juliette,Doyle,15,C,1996-03-14,Marry,Male,27,2019-04-11,2018-03-26
0632,Chauncey Simonis,Chauncey,Simonis,19,C,1970-01-06,Marry,Female,50,2019-05-23,2018-08-26
0633,Patrick Oberbrunner,Patrick,Oberbrunner,11,P,1967-10-22,Single,Female,33,2019-04-29,2018-12-17
0634,Lawrence Runolfsson,Lawrence,Runolfsson,13,P,1995-01-31,Marry,Female,36,2019-02-12,2018-02-24
0635,Jann Koch,Jann,Koch,20,C,1968-09-06,Single,Male,42,2019-10-04,2018-02-13
0636,Korey Schiller,Korey,Schiller,19,P,1957-08-14,Single,Male,39,2019-01-14,2018-08-14
0637,Keneth Okuneva,Keneth,Okuneva,11,P,1959-08-23,Single,Female,47,2019-08-29,2018-11-30
0638,Luisa Hilll,Luisa,Hilll,10,P,1965-11-23,Marry,Female,38,2019-02-09,2018-05-22
0639,Olga Collins,Olga,Collins,20,C,1977-03-11,Single,Female,37,2019-01-02,2018-03-09
0640,Lilian Johnston,Lilian,Johnston,17,C,1970-02-10,Single,Female,36,2019-08-13,2018-12-25
0641,Vivien Bode,Vivien,Bode,10,C,1957-02-23,Single,Male,43,2019-10-22,2018-03-02
0642,Shila Feil,Shila,Feil,16,C,1992-09-11,Single,Female,39,2019-08-06,2018-04-26
0643,Michale Gerlach,Michale,Gerlach,12,C,1979-06-06,Single,Male,29,2019-01-29,2018-10-15
0644,Renaldo Goldner,Renaldo,Goldner,18,P,1966-04-20,Single,Male,32,2019-12-18,2018-09-09
0645,Bret Kunde,Bret,Kunde,15,P,1974-11-18,Single,Female,35,2019-03-13,2018-01-17
0646,Sam Tremblay,Sam,Tremblay,19,P,1989-03-08,Marry,Male,38,2019-04-07,2018-01-11
0647,Rashad Vandervort,Rashad,Vandervort,20,P,1992-06-05,Single,Female,29,2019-04-28,2018-08-16
0648,Fred Howell,Fred,Howell,12,P,1966-09-28,Single,Male,38,2019-04-06,2018-09-26
0649,Marg Hermiston,Marg,Hermiston,11,C,1975-08-19,Marry,Female,32,2019-09-25,2018-03-30
0650,Kendrick Walsh,Kendrick,Walsh,14,C,1969-02-27,Marry,Female,39,2019-02-28,2018-08-05
0651,Adolfo Stamm,Adolfo,Stamm,19,P,1962-07-30,Single,Female,49,2019-12-02,2018-06-04
0652,Deangelo McLaughlin,Deangelo,McLaughlin,17,C,1983-11-08,Single,Female,46,2019-03-12,2018-07-23
0653,Tia Lowe,Tia,Lowe,20,P,1983-11-15,Marry,Male,44,2019-12-21,2018-10-17
0654,Francie Smith,Francie,Smith,10,P,1975-10-13,Marry,Female,38,2019-08-26,2018-12-03
0655,Velma McLaughlin,Velma,McLaughlin,10,P,1971-12-03,Single,Male,48,2019-04-29,2018-11-20
0656,Erick Fritsch,Erick,Fritsch,20,P,1984-12-23,Single,Male,42,2019-05-23,2018-08-04
0657,Tessa Dickinson,Tessa,Dickinson,19,C,1960-02-09,Marry,Female,31,2019-03-10,2018-05-05
0658,Jerry Wunsch,Jerry,Wunsch,12,C,1979-08-08,Single,Male,28,2019-03-19,2018-05-13
0659,Stevie Goldner,Stevie,Goldner,15,C,1958-12-09,Marry,Male,40,2019-11-18,2018-12-02
0660,Tilda Huel,Tilda,Huel,17,P,1980-09-10,Marry,Male,40,2019-01-20,2018-01-10
0661,Joanna Ritchie,Joanna,Ritchie,10,P,1985-05-21,Marry,Female,40,2019-06-28,2018-10-03
0662,Dion Will,Dion,Will,11,P,1991-03-21,Single,Female,38,2019-08-24,2018-11-23
0663,Joseph Murazik,Joseph,Murazik,19,P,1957-07-18,Single,Female,50,2019-08-28,2018-04-24
0664,Evan Bogan,Evan,Bogan,15,P,1977-12-05,Single,Male,47,2019-06-27,2018-09-15
0665,Odis Jones,Odis,Jones,14,C,1965-03-24,Marry,Male,31,2019-02-14,2018-01-26
0666,Maren Nicolas,Maren,Nicolas,10,P,1982-12-17,Single,Female,43,2019-06-10,2018-10-18
0667,Alton Ullrich,Alton,Ullrich,18,P,1963-08-28,Single,Male,27,2019-07-14,2018-02-15
0668,Moriah Beatty,Moriah,Beatty,10,P,1960-12-30,Single,Male,49,2019-07-09,2018-05-16
0669,Jesse Conroy,Jesse,Conroy,15,C,1966-09-20,Single,Female,35,2019-10-04,2018-12-22
0670,Ester Dibbert,Ester,Dibbert,15,C,1959-04-13,Single,Male,32,2019-06-06,2018-03-03
0671,Debbi Blick,Debbi,Blick,17,C,1978-12-03,Single,Female,29,2019-12-20,2018-05-30
0672,Jamey Jakubowski,Jamey,Jakubowski,19,P,1969-06-28,Single,Female,33,2019-11-21,2018-09-05
0673,Graig Beier,Graig,Beier,14,P,1959-12-02,Marry,Female,36,2019-11-19,2018-07-08
0674,Mckinley Flatley,Mckinley,Flatley,17,P,1987-04-01,Marry,Male,38,2019-01-03,2018-04-26
0675,Milo Powlowski,Milo,Powlowski,11,C,1991-12-14,Marry,Male,45,2019-07-24,2018-03-02
0676,Elden Botsford,Elden,Botsford,16,C,1975-05-26,Marry,Female,49,2019-01-28,2018-08-17
0677,Zachariah Kirlin,Zachariah,Kirlin,16,C,1976-06-26,Single,Female,48,2019-09-26,2018-11-22
0678,Alec Kunde,Alec,Kunde,17,C,1983-02-27,Marry,Male,47,2019-02-10,2018-09-10
0679,Stephane Waelchi,Stephane,Waelchi,12,P,1984-02-19,Marry,Male,45,2019-10-22,2018-11-08
0680,Carter Wolff,Carter,Wolff,12,C,1976-07-28,Single,Female,45,2019-11-02,2018-03-17
0681,Holley Roberts,Holley,Roberts,12,C,1973-07-03,Marry,Male,38,2019-06-28,2018-04-30
0682,Meghan Grimes,Meghan,Grimes,15,P,1967-10-05,Marry,Male,36,2019-06-10,2018-07-10
0683,Russell Hyatt,Russell,Hyatt,11,P,1960-11-08,Marry,Female,28,2019-03-15,2018-10-22
0684,Billy Heathcote,Billy,Heathcote,15,P,1985-07-11,Single,Female,31,2019-12-15,2018-09-26
0685,Chung Kautzer,Chung,Kautzer,13,C,1991-04-18,Marry,Female,29,2019-02-17,2018-02-02
0686,Jose Douglas,Jose,Douglas,19,C,1960-02-10,Single,Male,50,2019-12-01,2018-08-01
0687,Galen Hilll,Galen,Hilll,13,P,1966-07-27,Marry,Male,39,2019-04-29,2018-02-21
0688,Garland Bradtke,Garland,Bradtke,16,P,1962-08-30,Single,Male,37,2019-08-27,2018-02-26
0689,Debora Wyman,Debora,Wyman,17,P,1979-04-06,Marry,Male,45,2019-07-25,2018-05-02
0690,Flora Robel,Flora,Robel,11,P,1958-12-09,Marry,Male,41,2019-12-26,2018-06-24
0691,Neva Graham,Neva,Graham,10,C,1969-08-12,Single,Female,47,2019-07-16,2018-12-22
0692,Cameron Pouros,Cameron,Pouros,10,C,1986-12-05,Single,Male,33,2019-10-10,2018-11-28
0693,Humberto Towne,Humberto,Towne,19,P,1995-04-16,Single,Female,36,2019-04-24,2018-12-29
0694,Drew Treutel,Drew,Treutel,14,C,1987-02-07,Single,Male,31,2019-12-15,2018-02-15
0695,Janyce Prohaska,Janyce,Prohaska,16,C,1981-06-20,Marry,Male,31,2019-02-28,2018-08-27
0696,Jamal Flatley,Jamal,Flatley,17,C,1978-12-02,Single,Female,36,2019-12-24,2018-08-04
0697,Freda MacGyver,Freda,MacGyver,12,C,1983-04-26,Single,Female,36,2019-11-20,2018-02-16
0698,Waldo Bashirian,Waldo,Bashirian,17,C,1959-04-08,Single,Male,48,2019-01-30,2018-06-12
0699,Natacha Roberts,Natacha,Roberts,13,C,1986-07-28,Single,Female,46,2019-10-13,2018-07-12
0700,Isaac Skiles,Isaac,Skiles,12,P,1976-07-05,Single,Male,39,2019-01-31,2018-07-17
0701,Elyse Windler,Elyse,Windler,18,C,1974-10-23,Marry,Female,40,2019-10-15,2018-05-18
0702,Shanna Runolfsdottir,Shanna,Runolfsdottir,14,P,1981-03-03,Marry,Male,28,2019-08-09,2018-08-02
0703,Derick Abernathy,Derick,Abernathy,13,C,1995-06-17,Marry,Female,38,2019-11-21,2018-03-20
0704,Josefine Corwin,Josefine,Corwin,18,C,1982-10-06,Single,Male,47,2019-09-05,2018-02-04
0705,Lula Parisian,Lula,Parisian,20,C,1963-07-03,Single,Female,32,2019-02-15,2018-08-09
0706,Aurelia Lubowitz,Aurelia,Lubowitz,15,P,1992-07-15,Marry,Female,27,2019-01-11,2018-11-29
0707,Kiersten Nienow,Kiersten,Nienow,16,C,1978-09-04,Single,Male,27,2019-05-12,2018-05-19
0708,Hilton Torp,Hilton,Torp,19,P,1973-12-10,Single,Male,39,2019-04-30,2018-03-01
0709,Florencio Stiedemann,Florencio,Stiedemann,15,C,1960-06-04,Marry,Male,49,2019-09-28,2018-08-14
0710,Adolfo Quitzon,Adolfo,Quitzon,15,P,1991-07-28,Single,Female,44,2019-06-04,2018-05-14
0711,Pat Balistreri,Pat,Balistreri,18,C,1989-05-22,Marry,Male,27,2019-06-28,2018-12-05
0712,Lakeesha Ryan,Lakeesha,Ryan,10,P,1972-09-07,Single,Male,42,2019-12-25,2018-05-28
0713,Karey Rutherford,Karey,Rutherford,19,P,1993-01-18,Marry,Male,49,2019-04-27,2018-02-01
0714,Darryl Lehner,Darryl,Lehner,13,C,1973-12-26,Single,Male,49,2019-04-15,2018-07-17
0715,Palmer Ferry,Palmer,Ferry,18,P,1958-11-07,Marry,Female,45,2019-06-07,2018-06-25
0716,Twana Adams,Twana,Adams,13,C,1971-09-20,Single,Female,28,2019-02-11,2018-04-27
0717,Debra Nader,Debra,Nader,12,P,1976-03-10,Marry,Female,48,2019-06-30,2018-07-09
0718,Loida Weissnat,Loida,Weissnat,11,P,1972-01-18,Marry,Female,49,2019-06-05,2018-07-07
0719,Jeramy Morissette,Jeramy,Morissette,12,P,1961-12-31,Single,Male,47,2019-04-24,2018-06-06
0720,Willian Beahan,Willian,Beahan,16,C,1989-06-24,Single,Female,41,2019-09-01,2018-03-24
0721,Jerrod Greenholt,Jerrod,Greenholt,19,C,1979-07-28,Marry,Female,50,2019-05-07,2018-03-08
0722,Kristopher Bogisich,Kristopher,Bogisich,20,C,1972-01-08,Marry,Male,39,2019-08-07,2018-02-19
0723,Golden Anderson,Golden,Anderson,20,P,1978-05-22,Single,Female,43,2019-11-16,2018-08-29
0724,Kathline Morar,Kathline,Morar,20,P,1991-11-23,Marry,Female,39,2019-04-07,2018-04-13
0725,Charise Torp,Charise,Torp,15,P,1982-07-30,Marry,Female,28,2019-04-26,2018-04-23
0726,Ana Hoppe,Ana,Hoppe,20,C,1957-09-10,Marry,Male,49,2019-09-23,2018-12-13
0727,Carrol Ferry,Carrol,Ferry,13,P,1981-04-10,Marry,Female,36,2019-04-26,2018-07-28
0728,Gillian Hoeger,Gillian,Hoeger,13,C,1966-04-26,Marry,Female,32,2019-04-26,2018-03-26
0729,Joey Renner,Joey,Renner,13,C,1972-07-26,Single,Female,38,2019-02-08,2018-03-11
0730,Daniella MacGyver,Daniella,MacGyver,20,C,1988-11-26,Marry,Female,43,2019-05-03,2018-12-02
0731,Melvina Upton,Melvina,Upton,13,P,1983-07-04,Marry,Female,45,2019-11-24,2018-06-09
0732,Kelly Lueilwitz,Kelly,Lueilwitz,16,C,1996-11-29,Single,Female,37,2019-01-26,2018-11-17
0733,Marvel Ferry,Marvel,Ferry,20,P,1984-08-25,Single,Male,41,2019-01-14,2018-03-27
0734,Stevie Blick,Stevie,Blick,18,C,1983-05-10,Single,Male,30,2019-10-25,2018-10-07
0735,Otilia Heller,Otilia,Heller,14,P,1995-10-13,Single,Male,30,2019-06-24,2018-04-11
0736,Fredrick Von,Fredrick,Von,16,P,1996-01-04,Marry,Male,27,2019-08-04,2018-09-09
0737,Graig Jast,Graig,Jast,20,C,1970-07-26,Marry,Female,36,2019-09-02,2018-04-15
0738,Angella Carter,Angella,Carter,17,P,1993-10-17,Single,Male,48,2019-10-09,2018-03-14
0739,Arlen Hyatt,Arlen,Hyatt,16,C,1967-08-01,Marry,Female,32,2019-12-15,2018-10-16
0740,Taryn Predovic,Taryn,Predovic,17,P,1974-07-25,Marry,Male,50,2019-04-29,2018-10-20
0741,Sung Herman,Sung,Herman,17,C,1996-04-01,Marry,Female,43,2019-10-22,2018-12-24
0742,Tosha Windler,Tosha,Windler,12,P,1961-09-04,Single,Male,27,2019-07-27,2018-02-16
0743,Cody Becker,Cody,Becker,11,P,1960-03-16,Single,Female,27,2019-06-24,2018-01-03
0744,Libbie Schneider,Libbie,Schneider,17,P,1957-06-11,Marry,Female,36,2019-07-17,2018-07-20
0745,Florentina Mraz,Florentina,Mraz,18,P,1978-01-21,Single,Female,42,2019-10-07,2018-05-09
0746,Ai Fahey,Ai,Fahey,17,P,1990-02-12,Marry,Female,30,2019-12-01,2018-01-18
0747,Marianna Fritsch,Marianna,Fritsch,15,C,1960-07-07,Marry,Female,46,2019-02-15,2018-10-07
0748,Duncan Wiegand,Duncan,Wiegand,10,P,1976-03-17,Single,Female,42,2019-09-06,2018-10-07
0749,Barrett Jenkins,Barrett,Jenkins,16,P,1990-07-22,Marry,Female,40,2019-06-19,2018-04-25
0750,Ashlyn Weissnat,Ashlyn,Weissnat,13,C,1971-08-25,Marry,Female,29,2019-12-02,2018-05-17
0751,Terese Murray,Terese,Murray,16,P,1995-03-31,Single,Male,27,2019-09-13,2018-11-29
0752,Marc Graham,Marc,Graham,12,P,1981-01-25,Marry,Male,31,2019-01-25,2018-08-12
0753,Hanh Will,Hanh,Will,19,P,1970-02-12,Marry,Female,50,2019-11-26,2018-04-26
0754,Jamar Schiller,Jamar,Schiller,20,P,1980-12-18,Marry,Male,41,2019-09-03,2018-12-27
0755,Rudy Shanahan,Rudy,Shanahan,11,P,1985-03-10,Marry,Male,43,2019-02-25,2018-09-24
0756,Tennille Wiegand,Tennille,Wiegand,18,C,1972-11-20,Single,Female,33,2019-01-08,2018-08-29
0757,Troy Bartell,Troy,Bartell,19,P,1979-07-22,Marry,Male,47,2019-09-02,2018-06-26
0758,Heidy Davis,Heidy,Davis,13,P,1965-07-17,Single,Male,27,2019-10-16,2018-09-15
0759,Tambra Senger,Tambra,Senger,10,P,1982-05-23,Marry,Female,27,2019-04-06,2018-08-07
0760,Delicia Goodwin,Delicia,Goodwin,16,C,1957-12-05,Marry,Male,33,2019-01-08,2018-02-07
0761,Letitia Beier,Letitia,Beier,10,C,1972-05-18,Single,Male,31,2019-02-05,2018-08-27
0762,Myrl Bayer,Myrl,Bayer,11,P,1987-10-25,Single,Male,47,2019-04-05,2018-02-14
0763,Nannette Collins,Nannette,Collins,16,P,1979-09-27,Marry,Male,36,2019-12-17,2018-03-26
0764,Marion Rutherford,Marion,Rutherford,19,P,1983-03-06,Marry,Male,33,2019-06-14,2018-12-22
0765,Bruce Marvin,Bruce,Marvin,10,C,1994-02-04,Single,Male,50,2019-06-17,2018-10-15
0766,Etsuko Torphy,Etsuko,Torphy,14,C,1981-10-06,Single,Female,49,2019-08-27,2018-10-05
0767,Dahlia Blick,Dahlia,Blick,20,C,1982-10-06,Single,Female,35,2019-10-19,2018-02-08
0768,Austin Stroman,Austin,Stroman,14,C,1966-02-09,Single,Female,49,2019-08-19,2018-07-21
0769,Catarina Stark,Catarina,Stark,20,C,1991-04-19,Marry,Male,42,2019-07-27,2018-01-10
0770,Leonardo Effertz,Leonardo,Effertz,17,P,1980-06-04,Marry,Female,32,2019-01-02,2018-06-14
0771,Jamika Jacobi,Jamika,Jacobi,14,P,1958-01-06,Single,Female,46,2019-01-16,2018-10-19
0772,Gabriel Rolfson,Gabriel,Rolfson,13,P,1960-07-23,Marry,Male,45,2019-03-06,2018-01-22
0773,Kevin Koepp,Kevin,Koepp,10,P,1987-05-29,Single,Female,32,2019-12-23,2018-10-20
0774,Troy Breitenberg,Troy,Breitenberg,10,P,1960-01-31,Single,Female,40,2019-05-25,2018-04-29
0775,Eddy Bosco,Eddy,Bosco,11,C,1973-10-11,Marry,Male,46,2019-01-21,2018-11-18
0776,Jason Hilpert,Jason,Hilpert,18,P,1983-06-29,Marry,Female,34,2019-10-07,2018-06-06
0777,Ruby Yundt,Ruby,Yundt,15,C,1961-04-07,Marry,Female,31,2019-01-24,2018-12-10
0778,Bernard Langosh,Bernard,Langosh,10,C,1962-11-07,Marry,Male,50,2019-07-26,2018-04-22
0779,Cheryl Walter,Cheryl,Walter,11,C,1975-01-07,Marry,Male,30,2019-12-23,2018-06-19
0780,Monnie Nienow,Monnie,Nienow,13,P,1981-04-27,Marry,Female,29,2019-06-15,2018-07-02
0781,Lowell Considine,Lowell,Considine,12,P,1974-05-24,Marry,Female,28,2019-02-13,2018-04-12
0782,Russell Hickle,Russell,Hickle,10,C,1996-03-02,Marry,Male,39,2019-03-19,2018-07-26
0783,Trevor Bode,Trevor,Bode,17,C,1963-02-17,Marry,Male,29,2019-03-30,2018-09-02
0784,Corine Ward,Corine,Ward,15,C,1962-03-27,Single,Female,42,2019-01-29,2018-09-20
0785,Desiree Mosciski,Desiree,Mosciski,16,C,1963-11-10,Single,Male,44,2019-10-15,2018-11-15
0786,Maria Sanford,Maria,Sanford,16,C,1967-03-07,Single,Female,34,2019-01-24,2018-03-17
0787,Deadra Streich,Deadra,Streich,13,C,1996-12-21,Marry,Female,44,2019-01-26,2018-10-16
0788,Irene Kessler,Irene,Kessler,11,C,1978-08-06,Single,Female,41,2019-04-16,2018-03-10
0789,Kary Kilback,Kary,Kilback,14,P,1983-10-15,Single,Male,35,2019-11-25,2018-01-09
0790,Ashely Schaden,Ashely,Schaden,10,C,1978-05-05,Single,Female,44,2019-11-11,2018-07-02
0791,Lacy Hettinger,Lacy,Hettinger,19,C,1986-03-26,Single,Male,49,2019-07-29,2018-08-14
0792,Daryl Mills,Daryl,Mills,13,P,1977-10-06,Marry,Male,40,2019-08-22,2018-11-22
0793,Lou Anderson,Lou,Anderson,20,P,1992-03-10,Single,Female,35,2019-10-25,2018-02-09
0794,Karen Goyette,Karen,Goyette,16,P,1972-07-05,Marry,Female,38,2019-04-23,2018-02-06
0795,Heike Spencer,Heike,Spencer,19,C,1973-01-04,Marry,Female,43,2019-02-26,2018-06-25
0796,Bernardo Wisoky,Bernardo,Wisoky,19,P,1973-06-23,Single,Female,44,2019-08-04,2018-12-10
0797,Alphonso Leuschke,Alphonso,Leuschke,13,C,1957-02-25,Marry,Female,50,2019-10-10,2018-01-13
0798,Tisa Doyle,Tisa,Doyle,19,P,1967-05-01,Marry,Female,46,2019-02-07,2018-02-13
0799,Lester Thompson,Lester,Thompson,13,C,1957-11-30,Single,Male,50,2019-01-23,2018-07-22
0800,Arnoldo O'Conner,Arnoldo,O'Conner,16,P,1995-03-18,Single,Male,45,2019-01-14,2018-08-16
0801,Franklin Little,Franklin,Little,18,C,1963-01-01,Marry,Male,40,2019-12-05,2018-02-06
0802,Merrill Prosacco,Merrill,Prosacco,13,C,1976-08-23,Marry,Female,31,2019-08-11,2018-07-27
0803,Natasha Bradtke,Natasha,Bradtke,12,P,1969-03-15,Marry,Male,37,2019-03-03,2018-12-16
0804,Jeanetta Herzog,Jeanetta,Herzog,15,P,1963-10-29,Marry,Female,38,2019-07-14,2018-02-23
0805,Christene Hettinger,Christene,Hettinger,10,P,1996-07-04,Single,Male,50,2019-09-01,2018-12-14
0806,Lowell Pfannerstill,Lowell,Pfannerstill,20,P,1994-05-01,Single,Male,38,2019-09-04,2018-05-21
0807,Roselia Bogisich,Roselia,Bogisich,11,C,1969-06-27,Single,Male,48,2019-02-08,2018-04-05
0808,Avery Kris,Avery,Kris,10,C,1984-10-11,Marry,Male,47,2019-07-01,2018-10-06
0809,Shelby Batz,Shelby,Batz,19,C,1960-11-21,Marry,Male,37,2019-10-24,2018-04-19
0810,Beverly Effertz,Beverly,Effertz,18,C,1990-01-22,Single,Female,39,2019-02-23,2018-11-12
0811,Keli VonRueden,Keli,VonRueden,10,P,1967-11-08,Marry,Male,45,2019-12-27,2018-11-05
0812,Hong Goyette,Hong,Goyette,15,C,1969-12-05,Single,Female,44,2019-04-21,2018-11-03
0813,Sandy Jacobi,Sandy,Jacobi,12,P,1984-03-05,Single,Female,35,2019-06-07,2018-09-24
0814,Justin McGlynn,Justin,McGlynn,20,P,1966-07-12,Marry,Male,43,2019-08-08,2018-04-21
0815,Yuri Upton,Yuri,Upton,11,C,1962-07-05,Marry,Male,48,2019-04-12,2018-02-27
0816,Noe Harris,Noe,Harris,12,P,1994-09-09,Marry,Male,39,2019-05-24,2018-08-24
0817,Jamison Braun,Jamison,Braun,19,C,1966-07-13,Single,Female,45,2019-03-13,2018-06-04
0818,Lora Marquardt,Lora,Marquardt,10,P,1996-10-06,Single,Female,28,2019-04-08,2018-02-04
0819,Sandie Erdman,Sandie,Erdman,14,P,1983-12-24,Single,Male,30,2019-06-23,2018-11-23
0820,Marietta Beatty,Marietta,Beatty,17,P,1993-01-12,Single,Female,32,2019-09-11,2018-08-28
0821,Dylan Lemke,Dylan,Lemke,10,P,1961-07-21,Marry,Female,32,2019-12-28,2018-03-10
0822,Sallie Ankunding,Sallie,Ankunding,11,C,1967-06-06,Marry,Male,36,2019-09-02,2018-07-23
0823,Milton Reinger,Milton,Reinger,18,C,1994-12-05,Marry,Female,49,2019-02-07,2018-07-30
0824,Clemente Powlowski,Clemente,Powlowski,12,C,1965-07-05,Single,Female,45,2019-06-07,2018-03-21
0825,Sina Kohler,Sina,Kohler,17,C,1990-05-14,Single,Male,38,2019-11-16,2018-04-16
0826,Sherwood Roberts,Sherwood,Roberts,11,C,1993-12-05,Single,Female,29,2019-04-03,2018-07-18
0827,Noble Rutherford,Noble,Rutherford,13,C,1993-04-27,Marry,Female,50,2019-04-01,2018-02-25
0828,Odis Weimann,Odis,Weimann,13,C,1974-04-05,Marry,Female,49,2019-12-27,2018-07-12
0829,Crissy Crona,Crissy,Crona,20,C,1966-07-21,Marry,Female,41,2019-02-27,2018-01-13
0830,Rickie Thiel,Rickie,Thiel,20,P,1967-05-30,Marry,Male,29,2019-08-13,2018-04-20
0831,Stanley Franecki,Stanley,Franecki,11,C,1985-08-06,Marry,Male,42,2019-08-20,2018-02-06
0832,Maximo Pouros,Maximo,Pouros,11,C,1975-07-14,Marry,Female,47,2019-06-22,2018-06-02
0833,Steven Prosacco,Steven,Prosacco,14,P,1969-06-01,Marry,Male,27,2019-05-14,2018-01-26
0834,Dominic Sipes,Dominic,Sipes,13,P,1978-10-13,Single,Male,37,2019-08-30,2018-10-27
0835,Fernando McDermott,Fernando,McDermott,15,P,1974-06-12,Single,Male,49,2019-11-13,2018-07-25
0836,Candi D'Amore,Candi,D'Amore,10,P,1967-10-09,Single,Male,40,2019-08-29,2018-08-01
0837,Merna Ratke,Merna,Ratke,10,C,1972-10-18,Marry,Female,43,2019-03-24,2018-11-25
0838,Blythe Johnston,Blythe,Johnston,16,C,1983-03-06,Single,Female,47,2019-06-28,2018-04-22
0839,Emery Beer,Emery,Beer,14,P,1984-04-06,Single,Female,44,2019-12-01,2018-11-20
0840,Kirk Grimes,Kirk,Grimes,11,P,1981-06-17,Single,Male,46,2019-04-04,2018-12-10
0841,Amanda Leffler,Amanda,Leffler,20,C,1987-11-08,Marry,Female,50,2019-02-07,2018-07-11
0842,Garrett Collins,Garrett,Collins,11,P,1967-06-01,Marry,Male,45,2019-04-23,2018-05-13
0843,Elden Bode,Elden,Bode,20,C,1991-10-02,Single,Female,46,2019-09-23,2018-01-11
0844,Twyla Leannon,Twyla,Leannon,13,P,1965-04-11,Marry,Female,33,2019-10-02,2018-07-29
0845,Rufina Muller,Rufina,Muller,20,P,1981-10-13,Marry,Male,39,2019-02-04,2018-09-24
0846,Wava VonRueden,Wava,VonRueden,13,P,1957-08-30,Single,Male,30,2019-07-09,2018-10-16
0847,Madison Mann,Madison,Mann,12,C,1969-12-28,Single,Female,45,2019-08-24,2018-05-21
0848,Lucien Schneider,Lucien,Schneider,16,C,1966-05-19,Marry,Male,38,2019-11-24,2018-12-08
0849,Aretha Toy,Aretha,Toy,16,P,1994-05-14,Marry,Male,50,2019-08-29,2018-05-08
0850,Brock Keeling,Brock,Keeling,16,P,1965-11-21,Marry,Female,50,2019-08-02,2018-12-23
0851,Refugia Leannon,Refugia,Leannon,13,C,1970-06-02,Single,Male,27,2019-11-22,2018-05-07
0852,Jerrod Herman,Jerrod,Herman,17,P,1975-08-08,Marry,Male,28,2019-07-25,2018-05-22
0853,Emmett Glover,Emmett,Glover,19,C,1966-02-15,Marry,Male,41,2019-03-04,2018-03-31
0854,Levi Keebler,Levi,Keebler,17,C,1964-08-25,Single,Male,46,2019-08-07,2018-01-20
0855,Doreatha Schulist,Doreatha,Schulist,11,C,1975-12-28,Single,Female,37,2019-04-28,2018-10-31
0856,Malcolm Collier,Malcolm,Collier,10,C,1995-04-08,Single,Male,46,2019-07-01,2018-08-23
0857,Clint Effertz,Clint,Effertz,15,P,1990-01-09,Single,Female,44,2019-08-05,2018-12-01
0858,Martha Luettgen,Martha,Luettgen,14,C,1972-07-12,Marry,Female,47,2019-03-03,2018-09-08
0859,Darin Moore,Darin,Moore,17,C,1993-06-30,Marry,Female,45,2019-02-02,2018-05-02
0860,Johnnie Wilkinson,Johnnie,Wilkinson,16,C,1961-02-17,Single,Male,43,2019-05-28,2018-08-29
0861,Thomasena Veum,Thomasena,Veum,15,C,1994-01-16,Single,Female,36,2019-01-11,2018-07-09
0862,Lamar Dickinson,Lamar,Dickinson,10,P,1981-08-16,Marry,Male,34,2019-05-30,2018-02-25
0863,Jewell Trantow,Jewell,Trantow,19,P,1976-08-26,Single,Male,46,2019-11-03,2018-10-30
0864,Daniel Brekke,Daniel,Brekke,19,C,1995-04-25,Single,Female,29,2019-10-27,2018-07-20
0865,Eddie Morissette,Eddie,Morissette,11,C,1962-01-03,Marry,Female,37,2019-02-10,2018-05-30
0866,Mickey Hansen,Mickey,Hansen,17,C,1983-11-17,Single,Female,42,2019-12-23,2018-01-01
0867,Vannesa Monahan,Vannesa,Monahan,12,C,1968-05-27,Single,Female,49,2019-07-03,2018-10-27
0868,Seymour Kautzer,Seymour,Kautzer,20,P,1978-05-09,Single,Male,32,2019-12-19,2018-04-01
0869,Valentine Muller,Valentine,Muller,19,P,1963-01-26,Single,Male,43,2019-07-28,2018-12-18
0870,Gilberto Morissette,Gilberto,Morissette,14,C,1979-07-07,Single,Male,38,2019-03-16,2018-01-08
0871,Marlin Bogisich,Marlin,Bogisich,17,C,1987-10-12,Single,Male,37,2019-03-19,2018-08-30
0872,Taina Langosh,Taina,Langosh,13,C,1973-01-20,Single,Male,45,2019-10-31,2018-09-23
0873,Keena Kulas,Keena,Kulas,17,C,1989-07-25,Marry,Female,33,2019-06-06,2018-12-11
0874,Remona Gislason,Remona,Gislason,13,P,1987-07-23,Single,Male,35,2019-09-14,2018-10-26
0875,Jess Murazik,Jess,Murazik,12,C,1961-10-25,Marry,Male,42,2019-06-15,2018-01-03
0876,Ashton Champlin,Ashton,Champlin,14,C,1964-05-19,Marry,Female,35,2019-10-13,2018-01-16
0877,Shaun Roberts,Shaun,Roberts,10,C,1968-11-15,Marry,Male,49,2019-11-15,2018-01-03
0878,Lashawna Champlin,Lashawna,Champlin,16,P,1995-10-05,Marry,Male,39,2019-04-22,2018-10-17
0879,Xiomara MacGyver,Xiomara,MacGyver,17,P,1980-06-27,Single,Female,33,2019-11-28,2018-10-31
0880,Zena Zieme,Zena,Zieme,12,C,1963-08-25,Marry,Female,33,2019-10-23,2018-03-17
0881,Bernardine Frami,Bernardine,Frami,17,P,1965-12-06,Single,Male,46,2019-09-02,2018-12-25
0882,Alan Wyman,Alan,Wyman,15,P,1971-04-21,Single,Female,39,2019-03-18,2018-08-18
0883,Kristopher Lehner,Kristopher,Lehner,14,P,1959-07-01,Single,Female,31,2019-08-28,2018-02-23
0884,Shanna Nolan,Shanna,Nolan,12,P,1973-10-02,Marry,Male,30,2019-01-06,2018-11-03
0885,Edmundo Kris,Edmundo,Kris,11,C,1995-04-28,Single,Male,45,2019-02-14,2018-06-20
0886,Hortense Lynch,Hortense,Lynch,12,C,1960-12-12,Single,Female,43,2019-04-18,2018-07-28
0887,Ngoc Hodkiewicz,Ngoc,Hodkiewicz,15,C,1984-10-03,Single,Female,47,2019-09-22,2018-05-16
0888,Marquita Beatty,Marquita,Beatty,14,C,1995-11-12,Marry,Male,30,2019-10-04,2018-07-27
0889,Derick VonRueden,Derick,VonRueden,20,C,1968-09-19,Single,Female,45,2019-12-07,2018-03-04
0890,Inez Ernser,Inez,Ernser,13,C,1986-12-23,Single,Female,37,2019-10-29,2018-12-22
0891,Foster Bogan,Foster,Bogan,11,P,1985-12-26,Single,Male,27,2019-01-20,2018-06-27
0892,Art Lubowitz,Art,Lubowitz,20,C,1972-05-29,Marry,Female,36,2019-10-24,2018-04-10
0893,Matt Abshire,Matt,Abshire,12,C,1976-04-15,Marry,Female,33,2019-10-27,2018-01-02
0894,Truman Langosh,Truman,Langosh,20,C,1993-04-15,Single,Female,43,2019-02-27,2018-12-04
0895,Misha Watsica,Misha,Watsica,12,C,1959-08-16,Marry,Male,33,2019-02-11,2018-06-17
0896,Dante Dickens,Dante,Dickens,10,P,1962-11-12,Marry,Female,28,2019-06-20,2018-02-04
0897,Teddy Stokes,Teddy,Stokes,19,P,1988-08-24,Marry,Male,50,2019-12-05,2018-01-11
0898,Phyllis Trantow,Phyllis,Trantow,15,C,1990-06-16,Single,Female,46,2019-09-15,2018-02-21
0899,Sammy Tromp,Sammy,Tromp,11,P,1986-07-26,Single,Female,34,2019-10-26,2018-04-27
0900,Pei Murphy,Pei,Murphy,13,C,1974-05-30,Marry,Female,41,2019-12-26,2018-09-12
0901,Kimbery Cummerata,Kimbery,Cummerata,13,C,1971-05-20,Marry,Male,46,2019-02-05,2018-03-26
0902,Jazmine Balistreri,Jazmine,Balistreri,11,C,1985-04-13,Single,Male,31,2019-02-06,2018-02-25
0903,Yukiko Welch,Yukiko,Welch,18,C,1984-03-23,Single,Male,41,2019-12-05,2018-09-16
0904,Noah Cruickshank,Noah,Cruickshank,20,C,1993-08-15,Marry,Male,43,2019-11-22,2018-07-18
0905,Malcolm Kunde,Malcolm,Kunde,11,C,1972-09-15,Marry,Male,37,2019-10-03,2018-10-16
0906,Lou Auer,Lou,Auer,15,C,1980-08-02,Single,Male,31,2019-01-19,2018-04-19
0907,German Stracke,German,Stracke,15,P,1982-08-07,Single,Female,48,2019-10-27,2018-07-18
0908,Elton Abernathy,Elton,Abernathy,13,P,1996-12-28,Marry,Male,46,2019-01-03,2018-01-12
0909,Maxine Borer,Maxine,Borer,15,P,1967-02-09,Single,Female,37,2019-07-19,2018-11-10
0910,Sherie Nikolaus,Sherie,Nikolaus,12,P,1996-08-18,Single,Female,44,2019-05-02,2018-05-04
0911,Keren Smith,Keren,Smith,17,C,1961-04-03,Marry,Male,29,2019-06-12,2018-06-02
0912,Coy Wilkinson,Coy,Wilkinson,17,C,1968-10-20,Single,Male,42,2019-05-15,2018-07-09
0913,Hazel Predovic,Hazel,Predovic,15,C,1977-08-12,Single,Male,41,2019-02-08,2018-08-16
0914,Wally Tromp,Wally,Tromp,19,C,1970-09-11,Marry,Female,36,2019-02-08,2018-02-26
0915,Margarete Miller,Margarete,Miller,12,P,1974-02-22,Single,Female,34,2019-04-16,2018-11-15
0916,Shiloh Schmeler,Shiloh,Schmeler,20,P,1961-07-11,Marry,Female,47,2019-10-01,2018-12-28
0917,Rupert Klein,Rupert,Klein,15,P,1965-11-29,Single,Female,29,2019-04-23,2018-10-12
0918,Laurence Veum,Laurence,Veum,17,C,1961-01-03,Single,Male,28,2019-03-28,2018-11-18
0919,Devon Bogisich,Devon,Bogisich,19,C,1987-11-03,Single,Female,45,2019-12-09,2018-03-13
0920,Warner Kuhic,Warner,Kuhic,19,P,1992-05-27,Single,Female,28,2019-10-03,2018-01-27
0921,Karolyn Grimes,Karolyn,Grimes,16,C,1991-05-30,Marry,Male,41,2019-07-10,2018-01-22
0922,Mohammad Kovacek,Mohammad,Kovacek,16,C,1964-05-11,Marry,Female,33,2019-05-05,2018-09-18
0923,Elyse Goldner,Elyse,Goldner,20,P,1977-07-31,Marry,Female,39,2019-10-26,2018-01-20
0924,Byron Bahringer,Byron,Bahringer,11,C,1958-03-21,Single,Female,29,2019-01-03,2018-01-06
0925,Porter Morar,Porter,Morar,10,P,1989-11-06,Marry,Male,39,2019-11-29,2018-02-24
0926,Ofelia Pagac,Ofelia,Pagac,19,P,1990-04-18,Marry,Male,45,2019-06-01,2018-01-25
0927,Jami Keebler,Jami,Keebler,17,C,1981-05-12,Marry,Female,39,2019-05-14,2018-06-13
0928,Louie Hoeger,Louie,Hoeger,15,C,1981-08-29,Single,Male,40,2019-12-11,2018-09-04
0929,Sherice Collier,Sherice,Collier,11,P,1964-01-02,Marry,Male,29,2019-04-04,2018-01-07
0930,Rupert Hammes,Rupert,Hammes,20,C,1982-03-10,Single,Female,27,2019-11-18,2018-07-06
0931,Julianne Leannon,Julianne,Leannon,20,P,1966-11-09,Single,Female,27,2019-11-03,2018-10-14
0932,Renaldo Walker,Renaldo,Walker,18,C,1989-09-29,Single,Female,33,2019-05-16,2018-03-13
0933,Kelle Effertz,Kelle,Effertz,12,P,1972-08-15,Marry,Male,40,2019-10-13,2018-03-27
0934,Kai Mohr,Kai,Mohr,12,C,1988-01-25,Marry,Male,33,2019-05-13,2018-02-25
0935,Keely Beahan,Keely,Beahan,10,P,1960-02-15,Single,Male,45,2019-05-17,2018-02-23
0936,Wendolyn Haag,Wendolyn,Haag,12,P,1992-04-04,Marry,Male,29,2019-01-22,2018-08-02
0937,Ferne Turcotte,Ferne,Turcotte,15,P,1993-08-22,Single,Male,35,2019-04-30,2018-10-02
0938,Elwood Strosin,Elwood,Strosin,12,P,1975-06-10,Single,Male,32,2019-07-18,2018-09-04
0939,Deandrea Graham,Deandrea,Graham,19,P,1970-12-18,Single,Male,42,2019-02-19,2018-04-29
0940,Numbers Heathcote,Numbers,Heathcote,20,P,1970-08-20,Marry,Female,47,2019-05-18,2018-10-16
0941,Fermin D'Amore,Fermin,D'Amore,13,C,1983-03-15,Marry,Male,34,2019-04-07,2018-05-22
0942,Lolita Considine,Lolita,Considine,20,C,1993-03-26,Single,Female,31,2019-08-30,2018-10-09
0943,Lamar Kiehn,Lamar,Kiehn,17,C,1989-03-22,Marry,Female,42,2019-09-24,2018-12-06
0944,Edmundo Brakus,Edmundo,Brakus,18,C,1993-04-30,Single,Female,37,2019-12-19,2018-11-20
0945,Wilber Hudson,Wilber,Hudson,17,C,1986-01-02,Marry,Female,46,2019-04-14,2018-11-12
0946,Carol Bayer,Carol,Bayer,19,C,1964-03-07,Single,Female,30,2019-06-23,2018-10-23
0947,Hiram Brown,Hiram,Brown,19,P,1972-01-30,Marry,Female,28,2019-07-22,2018-04-18
0948,Joselyn Cummerata,Joselyn,Cummerata,17,C,1959-02-13,Single,Male,42,2019-01-28,2018-05-24
0949,Erin Schumm,Erin,Schumm,18,C,1972-11-06,Marry,Female,36,2019-10-16,2018-04-14
0950,Lorrine McLaughlin,Lorrine,McLaughlin,14,P,1970-10-07,Single,Female,39,2019-09-17,2018-02-26
0951,Eusebio Gulgowski,Eusebio,Gulgowski,17,P,1975-07-18,Marry,Female,43,2019-08-05,2018-04-12
0952,Gary Turcotte,Gary,Turcotte,20,P,1990-08-09,Marry,Male,45,2019-10-19,2018-09-13
0953,Stewart Walter,Stewart,Walter,14,P,1957-10-29,Single,Female,27,2019-03-02,2018-12-22
0954,Dario Swaniawski,Dario,Swaniawski,16,C,1992-09-09,Single,Female,36,2019-05-02,2018-03-24
0955,Daryl Hilll,Daryl,Hilll,15,P,1992-09-12,Marry,Male,31,2019-07-24,2018-01-30
0956,Nicolette Bauch,Nicolette,Bauch,17,C,1985-04-02,Single,Male,33,2019-11-20,2018-08-21
0957,Al Pouros,Al,Pouros,17,C,1974-02-01,Single,Female,28,2019-10-29,2018-11-09
0958,Casey Bayer,Casey,Bayer,18,C,1963-10-24,Single,Male,49,2019-07-17,2018-06-25
0959,Merissa O'Reilly,Merissa,O'Reilly,19,C,1959-01-11,Marry,Male,42,2019-03-02,2018-05-18
0960,Aimee Rempel,Aimee,Rempel,13,P,1960-10-05,Marry,Female,37,2019-06-12,2018-10-26
0961,Lowell Dickens,Lowell,Dickens,14,C,1992-04-08,Marry,Female,50,2019-03-15,2018-06-19
0962,Leigh Schaefer,Leigh,Schaefer,16,C,1986-03-16,Single,Female,35,2019-09-25,2018-05-18
0963,Virgen Renner,Virgen,Renner,10,C,1977-07-22,Single,Female,35,2019-09-18,2018-07-15
0964,Josette Cummings,Josette,Cummings,12,P,1969-12-29,Single,Female,38,2019-03-19,2018-10-16
0965,Meryl Greenfelder,Meryl,Greenfelder,17,P,1975-05-25,Single,Female,28,2019-02-17,2018-08-27
0966,Beula Ritchie,Beula,Ritchie,18,C,1978-12-31,Single,Female,40,2019-11-07,2018-07-31
0967,Fidel Zulauf,Fidel,Zulauf,11,P,1985-08-30,Marry,Male,39,2019-12-26,2018-01-11
0968,Antonia Russel,Antonia,Russel,14,P,1990-11-13,Marry,Male,31,2019-11-15,2018-10-02
0969,Humberto Ankunding,Humberto,Ankunding,19,P,1978-03-10,Marry,Male,39,2019-04-24,2018-08-28
0970,Wonda Will,Wonda,Will,13,P,1959-11-06,Single,Female,46,2019-08-07,2018-07-06
0971,Pamala Corwin,Pamala,Corwin,12,P,1963-11-24,Marry,Female,31,2019-12-06,2018-02-20
0972,Michelina Zulauf,Michelina,Zulauf,12,C,1970-04-07,Marry,Male,35,2019-02-27,2018-08-06
0973,Chelsea Mohr,Chelsea,Mohr,18,C,1990-11-14,Marry,Male,27,2019-11-18,2018-01-03
0974,Abigail Langworth,Abigail,Langworth,12,C,1981-08-21,Single,Male,45,2019-07-25,2018-02-18
0975,Pinkie Mueller,Pinkie,Mueller,20,P,1960-06-11,Marry,Male,27,2019-10-06,2018-12-02
0976,Lino Daniel,Lino,Daniel,18,P,1993-10-14,Single,Female,46,2019-01-23,2018-12-22
0977,Dion Hirthe,Dion,Hirthe,11,P,1969-07-01,Marry,Female,38,2019-12-27,2018-09-27
0978,Hermelinda Reinger,Hermelinda,Reinger,17,C,1960-07-27,Marry,Male,43,2019-02-19,2018-08-11
0979,Gennie Nikolaus,Gennie,Nikolaus,12,P,1959-10-23,Marry,Male,40,2019-05-30,2018-10-15
0980,Cecil O'Connell,Cecil,O'Connell,11,P,1989-01-23,Single,Male,33,2019-08-15,2018-07-05
0981,Dudley Treutel,Dudley,Treutel,10,P,1993-05-25,Single,Male,40,2019-02-26,2018-03-29
0982,Mistie Feil,Mistie,Feil,13,P,1976-11-28,Marry,Female,41,2019-10-31,2018-07-09
0983,Johnson Hermiston,Johnson,Hermiston,10,P,1969-01-26,Single,Male,29,2019-09-02,2018-06-14
0984,Jerrold Ankunding,Jerrold,Ankunding,19,C,1966-12-05,Single,Male,42,2019-12-30,2018-05-25
0985,Reggie Wilkinson,Reggie,Wilkinson,14,P,1980-10-06,Marry,Male,34,2019-12-18,2018-02-19
0986,Mellisa Bergstrom,Mellisa,Bergstrom,18,P,1970-01-06,Single,Female,30,2019-11-21,2018-02-20
0987,Florentino Will,Florentino,Will,10,C,1980-04-08,Single,Male,44,2019-10-12,2018-06-05
0988,Josh Stehr,Josh,Stehr,11,P,1963-11-14,Marry,Male,42,2019-03-01,2018-09-06
0989,Valerie Zboncak,Valerie,Zboncak,11,C,1977-08-14,Marry,Male,27,2019-03-31,2018-08-03
0990,Erline Pollich,Erline,Pollich,17,C,1964-08-17,Single,Female,45,2019-10-29,2018-05-21
0991,Carita Mueller,Carita,Mueller,19,C,1963-01-12,Marry,Male,35,2019-08-28,2018-10-26
0992,Jerold Schimmel,Jerold,Schimmel,11,C,1975-08-13,Single,Male,34,2019-06-09,2018-07-30
0993,Hilario Sanford,Hilario,Sanford,19,C,1986-02-12,Marry,Female,39,2019-09-20,2018-12-02
0994,Lanny Shanahan,Lanny,Shanahan,18,P,1986-09-26,Single,Female,33,2019-04-09,2018-06-11
0995,Man Muller,Man,Muller,10,C,1960-12-27,Single,Male,44,2019-02-11,2018-11-11
0996,Susie Green,Susie,Green,13,P,1986-04-05,Marry,Male,33,2019-02-18,2018-08-26
0997,Yuette Witting,Yuette,Witting,12,P,1982-01-30,Marry,Female,28,2019-05-27,2018-12-10
0998,Chau Bartell,Chau,Bartell,17,C,1985-08-26,Single,Male,39,2019-01-21,2018-07-20
0999,Marcelene Ankunding,Marcelene,Ankunding,19,C,1987-05-29,Marry,Male,35,2019-07-20,2018-12-05
1000,Odell Toy,Odell,Toy,13,P,1958-11-12,Single,Female,29,2019-01-21,2018-10-08
