Empoyee_No,Empoyee_Name,FirstName,LastName,JobGrade,Contract_Type,Birthday,Status,Sex,Age,Update_DT,Create_DT


,
,,
,,,
,,,,
,,,,,
,,,,,,
,,,,,,,
,,,,,,,,
,,,,,,,,,
,,,,,,,,,,
,,,,,,,,,,,
Test,,,,,,,,,,,
Test,Test,,,,,,,,,,
Test,Test,Test,,,,,,,,,
Test,Test,Test,Test,,,,,,,,
Test,Test,Test,Test,Test,,,,,,,
Test,Test,Test,Test,Test,Test,,,,,,
Test,Test,Test,Test,Test,Test,Test,,,,,
Test,Test,Test,Test,Test,Test,Test,Test,,,,
Test,Test,Test,Test,Test,Test,Test,Test,Test,,,
Test,Test,Test,Test,Test,Test,Test,Test,Test,Test,,
Test,Test,Test,Test,Test,Test,Test,Test,Test,Test,Test,
Test,Test,Test,Test,Test,Test,Test,Test,Test,Test,Test,Test
AB0001,Isidro Roob,Isidro,Roob,17,C,1957-05-25,Single,Female,35,2019-01-26,2018-02-14
AB0002,Edmundo Haley,Edmundo,Haley,17,P,1982-11-18,
Marry,Male,29,2019-12-18,2018-09-24
AB0003,Dannie Lind,Dannie,Lind,10,C,1961-12-16,Single,Male,49,2019-05-06,2018-01-14
AB0004,Lee Kirlin,Lee,Kirlin,11,C,1967-07-22,Marry,Male,32,2019-05-10,2018-05-30
AB0005,Cortez Hickle,Cortez,Hickle,18,C,1987-11-06,Single,Female,34,2019-01-26,2018-09-10
AB0006,Velva Feest,Velva,Feest,10,P,1966-04-17,Marry,Male,37,2019-03-19,2018-12-13
AB0007,Asa Conroy,Asa,Conroy,11,P,1991-01-27,Marry,Male,34,2019-09-16,2018-11-12
AB0008,Ira Willms,Ira,Willms,12,P,1986-11-19,Single,Female,32,2019-07-05,2018-05-08
AB0009,Lyman Fritsch,Lyman,Fritsch,14,P,1973-03-09,Marry,Male,47,2019-02-07,2018-03-06
AB0010,Dani Balistreri,Dani,Balistreri,19,P,1965-11-28,Single,Female,40,2019-10-20,2018-05-01
AB0011,Leo Bosco,Leo,Bosco,17,C,1973-08-23,Marry,Male,50,2019-09-08,2018-08-28
AB0012,Bethel Wunsch,Bethel,Wunsch,18,P,1986-06-18,Single,Male,40,2019-10-20,2018-05-11
AB0013,Salvatore Dare,Salvatore,Dare,17,P,1983-09-16,Marry,Female,27,2019-11-15,2018-11-13
AB0014,Renato Lesch,Renato,Lesch,18,C,1986-12-25,Marry,Female,27,2019-02-01,2018-01-08
AB0015,Deidre Becker,Deidre,Becker,11,P,1980-07-23,Single,Male,33,2019-03-17,2018-02-23
AB0016,Melissa Trantow,Melissa,Trantow,16,P,1973-01-22,Single,Female,46,2019-10-10,2018-12-20
AB0017,Mica Corwin,Mica,Corwin,17,C,1978-07-27,Single,Male,46,2019-10-03,2018-02-24
AB0018,Kendall Yundt,Kendall,Yundt,18,P,1970-09-18,Marry,Male,44,2019-06-21,2018-09-23
AB0019,Christel Monahan,Christel,Monahan,11,C,1983-02-12,Single,Female,41,2019-10-05,2018-01-08
AB0020,Wilda Haley,Wilda,Haley,15,P,1974-03-25,Single,Male,27,2019-03-18,2018-06-27
AB0021,Sumiko Anderson,Sumiko,Anderson,20,P,1976-07-15,Marry,Female,42,2019-04-14,2018-09-27
AB0022,Joesph Spencer,Joesph,Spencer,11,C,1982-09-01,Marry,Female,48,2019-01-17,2018-09-30
AB0023,Stephan Zboncak,Stephan,Zboncak,10,P,1980-01-24,Single,Male,35,2019-10-29,2018-08-02
AB0024,Romeo Gleason,Romeo,Gleason,19,P,1968-01-03,Single,Male,32,2019-02-09,2018-01-10
AB0025,Grant Dach,Grant,Dach,13,C,1992-12-29,Marry,Female,47,2019-03-06,2018-11-01
AB0026,Fredric Conn,Fredric,Conn,12,C,1966-09-10,Marry,Male,35,2019-07-30,2018-04-11
AB0027,Danae Lowe,Danae,Lowe,13,C,1978-08-15,Marry,Male,45,2019-12-26,2018-03-02
AB0028,Tiffiny Jakubowski,Tiffiny,Jakubowski,15,C,1982-02-21,Single,Male,31,2019-11-03,2018-09-08
AB0029,Normand Macejkovic,Normand,Macejkovic,10,C,1980-03-16,Single,Female,30,2019-12-10,2018-05-06
AB0030,Coleen Jenkins,Coleen,Jenkins,15,P,1971-03-26,Single,Male,32,2019-05-18,2018-10-18
AB0031,Chandra Mante,Chandra,Mante,11,P,1971-08-02,Single,Male,48,2019-08-23,2018-11-10
AB0032,Aubrey Klocko,Aubrey,Klocko,18,P,1976-03-23,Single,Female,32,2019-03-31,2018-12-24
AB0033,Colin Witting,Colin,Witting,19,P,1994-06-08,Single,Male,33,2019-04-01,2018-11-23
AB0034,Ned Lockman,Ned,Lockman,15,C,1994-01-16,Marry,Female,44,2019-02-20,2018-06-30
AB0035,Wayne Carter,Wayne,Carter,17,P,1966-05-13,Single,Female,30,2019-06-21,2018-05-24
AB0036,Carroll Hackett,Carroll,Hackett,20,P,1957-07-05,Single,Male,28,2019-11-01,2018-10-29
AB0037,Kourtney Hayes,Kourtney,Hayes,19,P,1966-06-10,Single,Female,39,2019-10-25,2018-11-24
AB0038,Tracee Ortiz,Tracee,Ortiz,10,C,1957-11-11,Marry,Female,39,2019-10-04,2018-10-13
AB0039,Blanche Tillman,Blanche,Tillman,15,C,1990-12-30,Single,Male,33,2019-10-22,2018-09-17
AB0040,Rusty Krajcik,Rusty,Krajcik,11,P,1995-02-12,Marry,Female,27,2019-10-22,2018-01-28
AB0041,Antwan Considine,Antwan,Considine,10,C,1984-12-26,Single,Female,39,2019-10-16,2018-12-30
AB0042,Cristie Bechtelar,Cristie,Bechtelar,19,P,1994-04-19,Single,Female,39,2019-08-02,2018-02-15
AB0043,Ned Gleichner,Ned,Gleichner,18,C,1982-04-05,Single,Male,43,2019-07-16,2018-09-26
AB0044,Everette Keebler,Everette,Keebler,16,C,1988-03-30,Marry,Male,41,2019-02-14,2018-03-15
AB0045,Kendrick Hintz,Kendrick,Hintz,16,C,1960-05-13,Single,Male,40,2019-09-21,2018-10-31
AB0046,Porter Wuckert,Porter,Wuckert,20,P,1972-10-15,Marry,Male,39,2019-06-13,2018-05-30
AB0047,Alex Kuhlman,Alex,Kuhlman,10,C,1992-01-03,Marry,Male,27,2019-06-18,2018-01-08
AB0048,Jerry Emmerich,Jerry,Emmerich,16,C,1995-09-23,Single,Female,32,2019-11-01,2018-08-19
AB0049,Maude Dickens,Maude,Dickens,13,C,1968-02-23,Marry,Female,48,2019-01-27,2018-09-18
AB0050,Beatriz Hauck,Beatriz,Hauck,17,C,1971-03-13,Single,Male,30,2019-05-29,2018-09-19
AB0051,Kim Buckridge,Kim,Buckridge,13,C,1985-12-23,Single,Male,42,2019-01-13,2018-03-30
AB0052,Alan Goodwin,Alan,Goodwin,11,C,1968-08-09,Single,Male,28,2019-02-16,2018-07-08
AB0053,Darnell Walker,Darnell,Walker,17,P,1965-11-24,Marry,Male,46,2019-10-09,2018-11-27
AB0054,Hoa Hills,Hoa,Hills,19,P,1960-12-23,Marry,Male,29,2019-04-14,2018-04-20
AB0055,Latrina Rippin,Latrina,Rippin,18,C,1988-10-02,Single,Male,30,2019-07-24,2018-05-25
AB0056,Bart Schowalter,Bart,Schowalter,12,C,1977-03-27,Marry,Male,30,2019-06-08,2018-11-09
AB0057,Grazyna Ward,Grazyna,Ward,14,P,1968-06-01,Single,Female,41,2019-02-04,2018-05-29
AB0058,Duane Murazik,Duane,Murazik,11,C,1991-12-15,Single,Female,48,2019-02-11,2018-06-18
AB0059,Griselda Conroy,Griselda,Conroy,15,P,1989-09-09,Marry,Male,47,2019-10-01,2018-04-20
AB0060,Codi Kozey,Codi,Kozey,16,C,1972-01-28,Marry,Female,43,2019-03-09,2018-05-19
AB0061,Jaqueline Witting,Jaqueline,Witting,18,C,1961-10-13,Single,Female,48,2019-01-13,2018-02-12
AB0062,Talitha Schroeder,Talitha,Schroeder,19,C,1992-10-29,Marry,Male,30,2019-07-22,2018-06-20
AB0063,Marquis Hyatt,Marquis,Hyatt,15,P,1981-02-14,Marry,Male,29,2019-02-12,2018-02-03
AB0064,Timmy Altenwerth,Timmy,Altenwerth,13,P,1969-07-27,Single,Female,45,2019-06-15,2018-09-20
AB0065,Lynne Cronin,Lynne,Cronin,13,P,1959-05-14,Marry,Male,37,2019-04-22,2018-01-24
AB0066,Damian Gerhold,Damian,Gerhold,18,C,1986-10-15,Single,Male,36,2019-08-10,2018-02-22
AB0067,Cedrick Metz,Cedrick,Metz,18,P,1962-02-15,Marry,Female,34,2019-06-21,2018-10-28
AB0068,Magda Grant,Magda,Grant,19,C,1964-02-06,Marry,Female,30,2019-11-15,2018-11-26
AB0069,Lucile McClure,Lucile,McClure,10,C,1963-05-29,Single,Female,33,2019-05-01,2018-07-26
AB0070,Karlyn Swaniawski,Karlyn,Swaniawski,16,P,1978-11-21,Marry,Female,43,2019-01-31,2018-07-01
AB0071,Zane Windler,Zane,Windler,20,C,1970-06-01,Marry,Female,38,2019-02-28,2018-12-25
AB0072,Harley Murphy,Harley,Murphy,20,C,1992-11-23,Single,Male,34,2019-11-21,2018-06-15
AB0073,Jennell Cassin,Jennell,Cassin,11,P,1990-09-30,Single,Female,43,2019-10-03,2018-02-18
AB0074,Alayna Gorczany,Alayna,Gorczany,12,P,1959-05-20,Single,Female,48,2019-08-23,2018-07-25
AB0075,Rob Hermann,Rob,Hermann,12,C,1992-06-02,Single,Female,50,2019-09-18,2018-11-18
AB0076,Emmitt Rempel,Emmitt,Rempel,18,C,1992-05-26,Single,Male,50,2019-05-23,2018-10-07
AB0077,Benjamin Quigley,Benjamin,Quigley,10,P,1985-01-16,Single,Female,40,2019-10-16,2018-07-26
AB0078,Shane Bogan,Shane,Bogan,12,P,1970-12-22,Marry,Male,30,2019-04-21,2018-07-28
AB0079,Estella Wilderman,Estella,Wilderman,15,P,1975-04-08,Marry,Male,35,2019-06-17,2018-11-22
AB0080,Mariela Bergstrom,Mariela,Bergstrom,18,C,1978-11-21,Marry,Male,45,2019-02-25,2018-08-31
AB0081,Omega McDermott,Omega,McDermott,16,C,1957-11-24,Marry,Female,49,2019-10-26,2018-06-18
AB0082,Millard Huel,Millard,Huel,12,C,1985-06-28,Marry,Female,39,2019-02-06,2018-02-13
AB0083,Rogelio Deckow,Rogelio,Deckow,15,P,1975-01-23,Marry,Male,37,2019-05-21,2018-12-10
AB0084,Claude Dickens,Claude,Dickens,10,C,1985-01-06,Marry,Male,35,2019-09-01,2018-06-12
AB0085,Zackary Herzog,Zackary,Herzog,14,P,1989-11-05,Marry,Male,32,2019-07-14,2018-06-20
AB0086,Leta Mosciski,Leta,Mosciski,12,P,1959-08-15,Single,Female,41,2019-07-06,2018-09-28
AB0087,Xuan Swaniawski,Xuan,Swaniawski,17,P,1985-04-27,Single,Female,41,2019-09-14,2018-04-18
AB0088,Luigi Tromp,Luigi,Tromp,12,P,1975-12-28,Single,Male,29,2019-04-09,2018-06-04
AB0089,Rashad Predovic,Rashad,Predovic,10,C,1992-01-18,Single,Female,27,2019-12-31,2018-03-03
AB0090,Patrick Reilly,Patrick,Reilly,15,P,1994-01-07,Single,Male,47,2019-01-08,2018-04-26
AB0091,Maximina Bergstrom,Maximina,Bergstrom,11,P,1996-06-12,Marry,Male,27,2019-07-17,2018-02-24
AB0092,Nedra Corwin,Nedra,Corwin,12,C,1967-01-19,Marry,Male,46,2019-09-08,2018-09-13
AB0093,Leann Heathcote,Leann,Heathcote,18,P,1993-12-13,Marry,Male,32,2019-11-22,2018-12-30
AB0094,Justin Collins,Justin,Collins,18,P,1988-09-24,Marry,Male,28,2019-08-31,2018-10-15
AB0095,Bo Wolff,Bo,Wolff,20,P,1963-01-11,Marry,Male,46,2019-11-27,2018-08-16
AB0096,Randal Hickle,Randal,Hickle,13,P,1975-03-15,Marry,Male,44,2019-10-10,2018-04-08
AB0097,Salley Shields,Salley,Shields,19,C,1988-09-16,Marry,Female,39,2019-04-02,2018-07-12
AB0098,Wilford Prohaska,Wilford,Prohaska,14,C,1979-05-25,Single,Male,44,2019-07-20,2018-02-24
AB0099,Marisa Robel,Marisa,Robel,14,C,1991-04-20,Single,Male,43,2019-12-04,2018-02-09
AB0100,Richie Bergstrom,Richie,Bergstrom,10,C,1993-09-21,Marry,Male,46,2019-10-17,2018-03-29
AB0101,Joella D'Amore,Joella,D'Amore,16,C,1960-09-20,Single,Female,33,2019-11-24,2018-12-19
AB0102,Leatha Morissette,Leatha,Morissette,16,P,1964-08-26,Single,Male,49,2019-05-05,2018-06-07
AB0103,Chung Larson,Chung,Larson,11,P,1985-03-28,Single,Female,38,2019-01-21,2018-03-30
AB0104,Herman Denesik,Herman,Denesik,17,P,1991-01-03,Marry,Female,34,2019-01-30,2018-11-23
AB0105,Ahmed White,Ahmed,White,16,C,1967-07-27,Single,Female,29,2019-09-24,2018-02-28
AB0106,Armand Hahn,Armand,Hahn,16,P,1996-11-10,Single,Male,33,2019-08-13,2018-03-29
AB0107,Efren Friesen,Efren,Friesen,10,C,1982-06-01,Marry,Female,29,2019-02-11,2018-04-08
AB0108,Shirley Pfeffer,Shirley,Pfeffer,18,P,1964-03-16,Marry,Male,32,2019-01-18,2018-09-09
AB0109,Alyce Deckow,Alyce,Deckow,10,P,1960-12-11,Marry,Male,31,2019-10-22,2018-05-30
AB0110,Stevie Swift,Stevie,Swift,18,C,1971-12-24,Single,Female,42,2019-09-27,2018-01-20
AB0111,Numbers Marvin,Numbers,Marvin,16,C,1963-07-22,Single,Female,40,2019-02-10,2018-07-06
AB0112,Bart O'Keefe,Bart,O'Keefe,18,C,1965-03-24,Marry,Male,32,2019-06-17,2018-07-25
AB0113,Sung Legros,Sung,Legros,19,P,1963-09-22,Single,Male,49,2019-11-04,2018-05-14
AB0114,Lowell Trantow,Lowell,Trantow,17,P,1969-10-17,Single,Male,27,2019-10-12,2018-11-17
AB0115,Ike Wolf,Ike,Wolf,12,C,1992-09-02,Single,Male,29,2019-11-16,2018-11-20
AB0116,Syreeta Mante,Syreeta,Mante,18,C,1962-07-23,Marry,Male,39,2019-05-04,2018-06-29
AB0117,Ralph Torp,Ralph,Torp,16,C,1967-06-26,Marry,Female,38,2019-10-18,2018-06-02
AB0118,Shelby Wisoky,Shelby,Wisoky,15,C,1965-04-23,Marry,Female,43,2019-01-16,2018-12-26
AB0119,Karleen McLaughlin,Karleen,McLaughlin,16,P,1960-10-27,Single,Female,48,2019-08-08,2018-12-28
AB0120,Heide Purdy,Heide,Purdy,10,C,1975-09-23,Single,Male,41,2019-05-29,2018-06-02
AB0121,Elbert Rogahn,Elbert,Rogahn,19,C,1973-04-12,Single,Female,46,2019-09-21,2018-03-14
AB0122,Frances Lueilwitz,Frances,Lueilwitz,12,C,1981-11-29,Single,Male,47,2019-04-06,2018-01-10
AB0123,Lemuel Rutherford,Lemuel,Rutherford,17,C,1983-07-13,Marry,Female,49,2019-09-06,2018-12-27
AB0124,Leanne Jerde,Leanne,Jerde,18,C,1984-11-11,Marry,Female,43,2019-10-01,2018-04-13
AB0125,Zackary Wolff,Zackary,Wolff,18,P,1969-02-22,Marry,Female,41,2019-09-04,2018-12-27
AB0126,Treasa Stracke,Treasa,Stracke,12,C,1986-08-05,Single,Female,43,2019-07-28,2018-08-13
AB0127,Ernestine White,Ernestine,White,12,C,1964-07-29,Single,Male,40,2019-08-06,2018-03-15
AB0128,Luke Greenfelder,Luke,Greenfelder,10,C,1989-06-26,Single,Male,37,2019-07-16,2018-01-17
AB0129,Jan Brown,Jan,Brown,12,C,1960-11-08,Single,Female,35,2019-01-13,2018-07-21
AB0130,Jed Conroy,Jed,Conroy,12,C,1961-04-24,Marry,Male,40,2019-12-18,2018-04-05
AB0131,Lidia Daniel,Lidia,Daniel,14,P,1992-08-06,Single,Female,34,2019-01-22,2018-10-11
AB0132,Rolande Senger,Rolande,Senger,14,C,1981-10-18,Marry,Female,38,2019-04-21,2018-09-05
AB0133,Hugo Jast,Hugo,Jast,14,C,1966-07-03,Single,Female,37,2019-09-09,2018-09-30
AB0134,Eddy Emmerich,Eddy,Emmerich,13,C,1993-12-11,Single,Male,33,2019-12-22,2018-02-04
AB0135,Jamison Beahan,Jamison,Beahan,12,C,1990-06-11,Marry,Female,35,2019-12-27,2018-04-07
AB0136,Abram Abernathy,Abram,Abernathy,11,C,1989-04-05,Single,Female,27,2019-12-28,2018-02-14
AB0137,Sherwood Mayert,Sherwood,Mayert,14,C,1963-03-07,Single,Male,44,2019-05-22,2018-07-29
AB0138,Shaunna Crona,Shaunna,Crona,20,P,1964-09-26,Marry,Male,29,2019-05-23,2018-09-01
AB0139,Clifton Ondricka,Clifton,Ondricka,14,P,1990-05-28,Single,Female,47,2019-01-20,2018-05-25
AB0140,Ben Kreiger,Ben,Kreiger,17,P,1995-05-12,Single,Male,48,2019-10-22,2018-03-04
AB0141,Aleida Pollich,Aleida,Pollich,17,P,1964-01-19,Marry,Female,50,2019-10-18,2018-09-21
AB0142,Adan Stoltenberg,Adan,Stoltenberg,10,C,1995-01-21,Marry,Female,48,2019-09-27,2018-08-21
AB0143,Jc Beahan,Jc,Beahan,12,C,1971-03-25,Single,Male,27,2019-01-31,2018-01-20
AB0144,Jerilyn Lemke,Jerilyn,Lemke,17,P,1979-09-25,Single,Female,44,2019-04-15,2018-02-20
AB0145,Jolyn Ward,Jolyn,Ward,19,P,1971-06-29,Marry,Male,50,2019-07-03,2018-03-06
AB0146,Lory Cummerata,Lory,Cummerata,14,P,1993-10-05,Marry,Male,44,2019-09-22,2018-03-19
AB0147,Florentino Dickinson,Florentino,Dickinson,17,C,1963-02-28,Marry,Male,38,2019-09-05,2018-08-09
AB0148,Lacie Ryan,Lacie,Ryan,18,C,1971-06-16,Marry,Male,49,2019-05-22,2018-06-02
AB0149,Neil Leffler,Neil,Leffler,11,C,1976-04-19,Single,Female,48,2019-08-07,2018-07-20
AB0150,Jacob Legros,Jacob,Legros,19,P,1988-04-15,Marry,Female,39,2019-09-23,2018-11-06
AB0151,Gertude Sauer,Gertude,Sauer,17,P,1969-03-11,Marry,Female,27,2019-07-01,2018-09-28
AB0152,Houston Shields,Houston,Shields,13,P,1985-05-02,Marry,Female,41,2019-11-30,2018-01-06
AB0153,Tammy Morar,Tammy,Morar,13,P,1962-10-11,Marry,Male,38,2019-03-15,2018-01-17
AB0154,Renato Deckow,Renato,Deckow,13,C,1986-01-26,Single,Male,44,2019-11-11,2018-09-29
AB0155,Wesley Barrows,Wesley,Barrows,16,P,1993-12-07,Marry,Male,31,2019-04-08,2018-11-26
AB0156,Nathanael Abernathy,Nathanael,Abernathy,17,C,1958-09-27,Marry,Female,36,2019-03-31,2018-05-31
AB0157,Devora Hermiston,Devora,Hermiston,20,C,1990-10-24,Single,Female,42,2019-08-17,2018-09-25
AB0158,Eddie Gusikowski,Eddie,Gusikowski,10,P,1982-06-20,Marry,Female,36,2019-11-09,2018-03-12
AB0159,Angelika Carroll,Angelika,Carroll,20,C,1993-04-22,Marry,Female,37,2019-08-03,2018-10-22
AB0160,Chaya Mitchell,Chaya,Mitchell,15,C,1987-09-15,Single,Female,39,2019-10-09,2018-09-21
AB0161,Jason Collier,Jason,Collier,20,C,1976-03-04,Single,Female,42,2019-08-23,2018-04-20
AB0162,Kelley McDermott,Kelley,McDermott,10,P,1969-02-12,Marry,Male,46,2019-07-27,2018-11-01
AB0163,Gaylord Cummings,Gaylord,Cummings,20,C,1968-05-05,Marry,Male,45,2019-03-19,2018-09-10
AB0164,Ashley Daniel,Ashley,Daniel,11,P,1967-05-06,Marry,Female,33,2019-01-15,2018-02-21
AB0165,Winston Torphy,Winston,Torphy,17,P,1995-12-05,Marry,Male,41,2019-08-05,2018-06-20
AB0166,Lon Becker,Lon,Becker,18,P,1968-10-21,Marry,Male,41,2019-09-27,2018-01-23
AB0167,Willette Rolfson,Willette,Rolfson,15,C,1989-07-15,Single,Male,33,2019-04-07,2018-12-15
AB0168,Misty Schuster,Misty,Schuster,17,P,1994-08-11,Single,Female,38,2019-05-17,2018-03-02
AB0169,Ronny Fay,Ronny,Fay,11,P,1965-11-07,Single,Female,37,2019-03-02,2018-04-02
AB0170,Tamisha Hirthe,Tamisha,Hirthe,14,P,1976-05-16,Single,Male,40,2019-10-02,2018-06-17
AB0171,Tonie Kuvalis,Tonie,Kuvalis,12,P,1959-09-24,Single,Female,45,2019-09-16,2018-03-12
AB0172,Maisha Osinski,Maisha,Osinski,10,P,1980-08-14,Marry,Male,45,2019-04-20,2018-03-19
AB0173,Cory Gleichner,Cory,Gleichner,11,C,1984-07-22,Marry,Female,50,2019-07-15,2018-10-15
AB0174,Betty Fahey,Betty,Fahey,19,P,1957-03-16,Single,Male,41,2019-03-21,2018-07-27
AB0175,Antwan Wehner,Antwan,Wehner,14,C,1975-07-13,Marry,Male,32,2019-07-19,2018-11-05
AB0176,Leopoldo Lebsack,Leopoldo,Lebsack,14,C,1992-02-20,Single,Female,33,2019-05-29,2018-11-21
AB0177,Noel Corkery,Noel,Corkery,15,C,1963-08-23,Marry,Female,49,2019-05-04,2018-04-02
AB0178,Lakita Medhurst,Lakita,Medhurst,12,C,1985-10-07,Single,Female,41,2019-09-13,2018-01-23
AB0179,Fernande Skiles,Fernande,Skiles,13,P,1995-02-27,Marry,Female,37,2019-12-01,2018-11-08
AB0180,Haywood Luettgen,Haywood,Luettgen,15,C,1995-05-20,Single,Female,35,2019-11-03,2018-03-26
AB0181,Wyatt Friesen,Wyatt,Friesen,14,P,1994-02-18,Marry,Male,45,2019-03-13,2018-11-12
AB0182,Maxima Gorczany,Maxima,Gorczany,10,C,1989-05-03,Single,Male,27,2019-10-08,2018-04-02
AB0183,Emerson Hintz,Emerson,Hintz,12,P,1973-07-18,Marry,Female,34,2019-07-24,2018-05-15
AB0184,Susie Gibson,Susie,Gibson,13,C,1993-06-13,Single,Male,40,2019-09-13,2018-01-05
AB0185,Benton Bernhard,Benton,Bernhard,14,P,1975-07-25,Marry,Male,44,2019-04-01,2018-05-26
AB0186,Chang Crist,Chang,Crist,16,C,1961-04-23,Marry,Male,28,2019-06-29,2018-12-12
AB0187,Jeana Lowe,Jeana,Lowe,13,C,1967-08-14,Marry,Male,34,2019-12-09,2018-02-23
AB0188,Gerard Ruecker,Gerard,Ruecker,20,C,1991-12-05,Single,Female,30,2019-12-01,2018-01-27
AB0189,Quentin Tremblay,Quentin,Tremblay,11,C,1976-10-28,Single,Male,47,2019-08-27,2018-01-17
AB0190,Zora Prohaska,Zora,Prohaska,15,P,1963-11-06,Single,Female,46,2019-02-10,2018-09-13
AB0191,Truman Schuppe,Truman,Schuppe,15,C,1979-10-02,Marry,Female,45,2019-02-06,2018-03-10
AB0192,Kiley Batz,Kiley,Batz,20,C,1963-07-31,Single,Male,33,2019-05-13,2018-01-13
AB0193,Rafael Blanda,Rafael,Blanda,15,P,1988-08-04,Single,Male,49,2019-10-17,2018-08-03
AB0194,Elizabet Schultz,Elizabet,Schultz,19,P,1977-12-05,Marry,Female,30,2019-06-07,2018-07-28
AB0195,Alphonse Powlowski,Alphonse,Powlowski,14,C,1978-04-08,Single,Female,37,2019-02-26,2018-01-18
AB0196,Zachary Kub,Zachary,Kub,10,C,1976-02-15,Marry,Female,40,2019-05-15,2018-07-04
AB0197,Trevor Champlin,Trevor,Champlin,11,P,1968-09-07,Single,Female,32,2019-01-16,2018-09-26
AB0198,Nestor Keeling,Nestor,Keeling,12,C,1973-11-08,Marry,Female,30,2019-01-22,2018-02-01
AB0199,Dominick Lueilwitz,Dominick,Lueilwitz,20,C,1971-04-26,Marry,Male,33,2019-08-16,2018-06-07
AB0200,Yael Mann,Yael,Mann,10,C,1991-06-07,Single,Female,29,2019-06-18,2018-06-10
AB0201,Lynwood Padberg,Lynwood,Padberg,14,P,1995-01-18,Single,Male,50,2019-12-12,2018-02-04
AB0202,Toby Koelpin,Toby,Koelpin,17,P,1987-03-19,Marry,Male,28,2019-09-05,2018-07-22
AB0203,Rochelle Leffler,Rochelle,Leffler,14,P,1961-02-05,Single,Male,30,2019-06-27,2018-01-12
AB0204,Victor Stanton,Victor,Stanton,17,P,1958-03-30,Marry,Male,43,2019-02-22,2018-05-30
AB0205,Katerine Hand,Katerine,Hand,15,P,1959-05-10,Marry,Female,38,2019-10-05,2018-10-15
AB0206,Rosalind Kassulke,Rosalind,Kassulke,13,P,1977-04-24,Single,Male,45,2019-12-04,2018-11-24
AB0207,Tami Cole,Tami,Cole,15,P,1993-05-20,Single,Male,44,2019-06-28,2018-10-07
AB0208,Tanika Kub,Tanika,Kub,11,P,1967-11-26,Marry,Female,36,2019-11-29,2018-07-02
AB0209,Lashaunda Littel,Lashaunda,Littel,18,C,1973-08-18,Single,Male,49,2019-08-14,2018-12-07
AB0210,Pearly Hudson,Pearly,Hudson,10,C,1989-06-06,Marry,Female,27,2019-03-01,2018-10-03
AB0211,Moses Pouros,Moses,Pouros,17,C,1970-05-03,Marry,Male,30,2019-08-22,2018-12-20
AB0212,Marica Stroman,Marica,Stroman,20,P,1969-09-28,Marry,Male,47,2019-07-03,2018-04-18
AB0213,Cyril O'Keefe,Cyril,O'Keefe,17,P,1992-08-18,Single,Female,49,2019-08-10,2018-08-11
AB0214,Naida Stiedemann,Naida,Stiedemann,14,C,1974-10-13,Marry,Male,50,2019-02-26,2018-05-26
AB0215,Ronnie Murray,Ronnie,Murray,19,P,1989-06-16,Single,Female,27,2019-03-12,2018-02-07
AB0216,Lamar Kemmer,Lamar,Kemmer,14,C,1973-08-30,Single,Female,39,2019-07-10,2018-01-15
AB0217,Elane Rogahn,Elane,Rogahn,10,P,1987-05-28,Marry,Female,33,2019-10-10,2018-06-26
AB0218,Andreas Gottlieb,Andreas,Gottlieb,18,P,1996-05-07,Single,Male,27,2019-11-23,2018-06-16
AB0219,Tameika Hoeger,Tameika,Hoeger,12,P,1989-08-25,Single,Female,35,2019-02-16,2018-11-03
AB0220,Tatiana Batz,Tatiana,Batz,18,P,1964-01-14,Single,Female,47,2019-02-10,2018-09-19
AB0221,Julio Treutel,Julio,Treutel,14,P,1991-11-14,Marry,Male,27,2019-12-17,2018-11-26
AB0222,Jorge Bergnaum,Jorge,Bergnaum,14,C,1994-09-17,Single,Female,29,2019-07-09,2018-08-20
AB0223,Bret Cartwright,Bret,Cartwright,18,P,1957-02-19,Marry,Female,31,2019-03-06,2018-07-14
AB0224,Kary Upton,Kary,Upton,14,C,1995-04-14,Single,Male,39,2019-11-29,2018-07-26
AB0225,Larhonda Goyette,Larhonda,Goyette,10,P,1962-05-02,Marry,Male,37,2019-03-01,2018-10-02
AB0226,Carmelo Hintz,Carmelo,Hintz,15,P,1983-10-13,Single,Female,30,2019-03-27,2018-06-30
AB0227,Aileen McLaughlin,Aileen,McLaughlin,16,C,1979-08-25,Marry,Female,37,2019-09-05,2018-02-20
AB0228,Johnathan Schmidt,Johnathan,Schmidt,12,C,1964-06-27,Single,Male,45,2019-11-27,2018-09-03
AB0229,Randy Hudson,Randy,Hudson,16,C,1978-07-01,Single,Female,44,2019-03-12,2018-05-16
AB0230,Will White,Will,White,18,P,1963-12-19,Single,Female,33,2019-06-07,2018-10-27
AB0231,Madlyn Crist,Madlyn,Crist,11,P,1988-06-19,Marry,Female,39,2019-03-19,2018-12-28
AB0232,Marcus Hackett,Marcus,Hackett,13,C,1980-01-02,Single,Male,48,2019-04-12,2018-05-10
AB0233,Malorie McKenzie,Malorie,McKenzie,18,P,1994-12-15,Single,Male,27,2019-08-23,2018-06-16
AB0234,Thurman Lindgren,Thurman,Lindgren,16,P,1969-12-23,Marry,Male,31,2019-06-28,2018-03-06
AB0235,Chrystal Hackett,Chrystal,Hackett,20,C,1974-11-07,Single,Male,46,2019-07-05,2018-02-13
AB0236,Manuel Jenkins,Manuel,Jenkins,16,P,1976-04-03,Single,Male,30,2019-06-04,2018-04-22
AB0237,Lila Ankunding,Lila,Ankunding,11,C,1957-02-06,Single,Male,41,2019-10-07,2018-12-25
AB0238,Sang Tillman,Sang,Tillman,11,P,1981-07-17,Single,Male,48,2019-02-11,2018-12-04
AB0239,Alfonzo Denesik,Alfonzo,Denesik,19,C,1972-07-12,Marry,Male,36,2019-06-25,2018-12-23
AB0240,Manual Will,Manual,Will,12,P,1963-12-18,Single,Male,45,2019-05-27,2018-08-18
AB0241,Denisha Kulas,Denisha,Kulas,17,C,1974-08-06,Marry,Female,46,2019-08-18,2018-09-05
AB0242,Theresia Boehm,Theresia,Boehm,13,P,1974-11-22,Single,Male,48,2019-02-01,2018-06-04
AB0243,Devon Ward,Devon,Ward,10,P,1959-12-24,Single,Female,28,2019-12-25,2018-07-11
AB0244,Ching Monahan,Ching,Monahan,14,C,1966-06-10,Marry,Male,41,2019-10-04,2018-03-11
AB0245,Perry Jacobi,Perry,Jacobi,18,C,1990-03-02,Single,Male,40,2019-05-04,2018-09-03
AB0246,Stephanie Lind,Stephanie,Lind,16,P,1983-07-15,Single,Male,39,2019-04-02,2018-01-30
AB0247,Marc Williamson,Marc,Williamson,18,P,1981-05-31,Marry,Male,42,2019-09-23,2018-02-01
AB0248,Olen Stoltenberg,Olen,Stoltenberg,16,P,1963-09-18,Marry,Female,40,2019-11-09,2018-04-16
AB0249,Amal DuBuque,Amal,DuBuque,18,C,1981-05-02,Single,Male,40,2019-06-20,2018-09-09
AB0250,Randy Huel,Randy,Huel,13,C,1973-06-20,Single,Male,42,2019-03-03,2018-12-28
AB0251,Hazel O'Connell,Hazel,O'Connell,15,P,1957-12-10,Marry,Male,28,2019-06-04,2018-10-13
AB0252,Milton Christiansen,Milton,Christiansen,18,P,1970-10-16,Marry,Male,30,2019-06-30,2018-12-25
AB0253,Holly Satterfield,Holly,Satterfield,18,P,1964-04-11,Marry,Male,27,2019-02-26,2018-06-18
AB0254,Carmen Erdman,Carmen,Erdman,18,C,1987-06-29,Marry,Female,37,2019-10-31,2018-03-05
AB0255,Malena Price,Malena,Price,19,C,1968-06-17,Marry,Male,35,2019-03-31,2018-08-28
AB0256,Everett Lesch,Everett,Lesch,10,P,1986-10-29,Marry,Female,49,2019-07-30,2018-05-07
AB0257,Willia Erdman,Willia,Erdman,20,P,1966-06-18,Single,Female,36,2019-04-28,2018-07-03
AB0258,Florance Quigley,Florance,Quigley,10,C,1992-01-28,Single,Female,46,2019-01-01,2018-08-05
AB0259,Felicidad Welch,Felicidad,Welch,10,C,1982-03-03,Marry,Female,36,2019-12-11,2018-01-11
AB0260,Antonia Baumbach,Antonia,Baumbach,16,P,1992-12-04,Marry,Female,39,2019-04-02,2018-09-13
AB0261,Adam Zieme,Adam,Zieme,12,C,1981-08-14,Marry,Female,27,2019-12-20,2018-06-11
AB0262,Darrick Hyatt,Darrick,Hyatt,16,C,1992-09-03,Marry,Male,32,2019-12-29,2018-05-02
AB0263,Brain Towne,Brain,Towne,18,C,1967-07-13,Marry,Male,37,2019-09-25,2018-06-19
AB0264,Brain Dietrich,Brain,Dietrich,10,P,1957-05-29,Marry,Male,42,2019-06-30,2018-08-07
AB0265,Blake Reichel,Blake,Reichel,19,C,1968-09-28,Single,Female,47,2019-10-08,2018-01-30
AB0266,Socorro Greenfelder,Socorro,Greenfelder,11,C,1980-02-18,Marry,Female,36,2019-08-11,2018-08-11
AB0267,Efrain Gottlieb,Efrain,Gottlieb,17,P,1977-02-07,Marry,Male,50,2019-05-11,2018-07-09
AB0268,Margery Farrell,Margery,Farrell,10,C,1991-04-07,Marry,Male,49,2019-03-15,2018-10-26
AB0269,Misty Beatty,Misty,Beatty,16,C,1977-02-13,Single,Male,30,2019-06-28,2018-12-17
AB0270,Sandy Lebsack,Sandy,Lebsack,19,C,1975-02-16,Single,Female,50,2019-12-23,2018-08-10
AB0271,Stormy Mosciski,Stormy,Mosciski,18,P,1961-10-26,Marry,Male,28,2019-05-20,2018-06-13
AB0272,Doug Lebsack,Doug,Lebsack,16,P,1957-02-06,Single,Female,39,2019-05-04,2018-10-15
AB0273,Daina Wuckert,Daina,Wuckert,10,C,1982-12-04,Single,Male,49,2019-09-05,2018-08-25
AB0274,Luz Marvin,Luz,Marvin,18,P,1979-02-28,Marry,Female,48,2019-03-02,2018-03-03
AB0275,Duncan Howell,Duncan,Howell,20,C,1982-09-09,Single,Male,35,2019-09-22,2018-05-07
AB0276,Deadra Lowe,Deadra,Lowe,12,C,1962-08-22,Single,Female,44,2019-06-04,2018-01-24
AB0277,Bernice Schultz,Bernice,Schultz,20,C,1975-01-25,Single,Male,34,2019-04-16,2018-05-28
AB0278,Jamika Trantow,Jamika,Trantow,18,C,1983-03-01,Marry,Male,35,2019-02-27,2018-02-11
AB0279,Kalyn Jacobi,Kalyn,Jacobi,17,C,1965-10-14,Marry,Male,46,2019-09-18,2018-08-26
AB0280,Emerson Lubowitz,Emerson,Lubowitz,19,P,1994-07-11,Single,Male,42,2019-12-03,2018-02-09
AB0281,Trey Pouros,Trey,Pouros,13,P,1966-01-26,Marry,Male,38,2019-09-09,2018-01-07
AB0282,Lenora Morissette,Lenora,Morissette,19,P,1982-08-30,Marry,Female,47,2019-03-07,2018-04-18
AB0283,Lauren Denesik,Lauren,Denesik,11,P,1976-07-27,Single,Male,29,2019-09-15,2018-03-21
AB0284,Amado Runte,Amado,Runte,16,P,1971-05-07,Single,Male,48,2019-04-14,2018-09-08
AB0285,Jackson Nienow,Jackson,Nienow,13,C,1985-12-21,Marry,Female,48,2019-12-29,2018-10-02
AB0286,Leora Buckridge,Leora,Buckridge,19,C,1991-12-27,Marry,Female,40,2019-09-15,2018-02-07
AB0287,Raymon Hauck,Raymon,Hauck,12,C,1961-11-21,Marry,Female,43,2019-09-26,2018-05-30
AB0288,Carson Lesch,Carson,Lesch,10,P,1977-11-09,Marry,Female,31,2019-02-06,2018-09-25
AB0289,Kandice Kovacek,Kandice,Kovacek,15,C,1972-09-15,Single,Male,36,2019-06-02,2018-04-19
AB0290,Bradley Lubowitz,Bradley,Lubowitz,14,P,1963-12-21,Marry,Male,49,2019-07-24,2018-05-12
AB0291,Krissy Erdman,Krissy,Erdman,13,C,1961-01-07,Marry,Male,37,2019-12-28,2018-08-08
AB0292,Rickey Haag,Rickey,Haag,10,P,1976-03-30,Single,Male,34,2019-12-02,2018-01-24
AB0293,Peg Tillman,Peg,Tillman,19,C,1974-04-13,Single,Female,39,2019-08-24,2018-03-20
AB0294,Cletus Pagac,Cletus,Pagac,14,C,1959-08-18,Marry,Female,35,2019-09-14,2018-10-10
AB0295,Bulah Gerlach,Bulah,Gerlach,12,C,1962-11-26,Single,Female,45,2019-06-16,2018-07-28
AB0296,Frances Marquardt,Frances,Marquardt,11,P,1995-04-07,Marry,Male,41,2019-11-20,2018-07-01
AB0297,Chris Cremin,Chris,Cremin,13,P,1968-12-03,Marry,Male,38,2019-11-28,2018-03-04
AB0298,Cinda Wisoky,Cinda,Wisoky,20,P,1990-01-11,Single,Male,42,2019-01-30,2018-01-26
AB0299,Lachelle O'Conner,Lachelle,O'Conner,16,P,1969-12-13,Single,Male,42,2019-05-14,2018-01-17
AB0300,Tula Paucek,Tula,Paucek,10,C,1991-04-03,Marry,Female,40,2019-02-26,2018-05-08
AB0301,Emerson Gorczany,Emerson,Gorczany,19,P,1960-02-23,Marry,Male,27,2019-09-13,2018-12-12
AB0302,Inez Wilderman,Inez,Wilderman,14,P,1977-05-03,Marry,Male,28,2019-08-17,2018-12-08
AB0303,Macie Schmidt,Macie,Schmidt,14,C,1988-11-30,Marry,Male,47,2019-04-01,2018-12-21
AB0304,Belia Kuhlman,Belia,Kuhlman,16,P,1984-02-19,Single,Female,27,2019-02-25,2018-03-27
AB0305,Tambra Rutherford,Tambra,Rutherford,11,C,1985-09-30,Single,Female,35,2019-06-05,2018-08-06
AB0306,Leisa Ondricka,Leisa,Ondricka,11,P,1973-03-06,Single,Male,30,2019-05-17,2018-01-27
AB0307,Jonas Mohr,Jonas,Mohr,15,P,1996-09-27,Marry,Female,36,2019-09-28,2018-01-02
AB0308,Cornelius Murphy,Cornelius,Murphy,13,C,1972-09-01,Marry,Male,31,2019-08-11,2018-01-12
AB0309,Taylor Blanda,Taylor,Blanda,17,P,1972-11-24,Marry,Male,32,2019-09-24,2018-10-29
AB0310,Wally Williamson,Wally,Williamson,15,P,1958-11-19,Single,Male,41,2019-04-05,2018-09-01
AB0311,Annice Jakubowski,Annice,Jakubowski,18,P,1994-10-21,Marry,Female,42,2019-01-16,2018-10-13
AB0312,Renee Sanford,Renee,Sanford,13,P,1960-08-09,Single,Female,31,2019-04-18,2018-06-05
AB0313,Clemente Schiller,Clemente,Schiller,12,P,1994-02-14,Single,Female,47,2019-10-13,2018-09-08
AB0314,Min Greenholt,Min,Greenholt,17,C,1967-01-09,Single,Male,45,2019-02-09,2018-01-20
AB0315,Rosemary Schumm,Rosemary,Schumm,12,C,1991-08-05,Marry,Female,33,2019-07-25,2018-02-05
AB0316,Napoleon Hartmann,Napoleon,Hartmann,15,C,1958-08-08,Single,Male,49,2019-05-03,2018-09-29
AB0317,Margert Ryan,Margert,Ryan,11,P,1994-04-23,Marry,Female,34,2019-12-29,2018-11-20
AB0318,Danilo Johns,Danilo,Johns,13,C,1957-07-07,Single,Female,32,2019-04-11,2018-12-21
AB0319,Sharilyn Huels,Sharilyn,Huels,13,C,1970-06-01,Single,Male,29,2019-02-13,2018-02-24
AB0320,Niki Simonis,Niki,Simonis,12,C,1959-09-28,Marry,Male,43,2019-06-30,2018-02-27
AB0321,Synthia Kunde,Synthia,Kunde,15,P,1992-12-26,Marry,Male,31,2019-09-05,2018-05-31
AB0322,Arlie Toy,Arlie,Toy,12,C,1958-07-28,Single,Female,32,2019-01-18,2018-06-16
AB0323,Tricia Stroman,Tricia,Stroman,11,C,1981-01-16,Single,Male,48,2019-12-12,2018-11-04
AB0324,Tracey Block,Tracey,Block,10,C,1980-11-11,Single,Female,28,2019-09-04,2018-08-13
AB0325,Venetta Waters,Venetta,Waters,20,C,1989-07-02,Marry,Female,36,2019-05-11,2018-06-22
AB0326,Malcolm Batz,Malcolm,Batz,13,C,1968-09-18,Marry,Female,45,2019-04-27,2018-05-19
AB0327,Rudolph Crist,Rudolph,Crist,17,C,1959-03-31,Marry,Male,35,2019-04-17,2018-07-03
AB0328,Mildred Bailey,Mildred,Bailey,19,C,1991-01-24,Marry,Male,37,2019-01-28,2018-02-04
AB0329,Philomena Lowe,Philomena,Lowe,12,C,1958-08-04,Marry,Male,28,2019-12-21,2018-11-25
AB0330,Tonja Batz,Tonja,Batz,10,P,1991-06-03,Single,Female,50,2019-07-14,2018-06-18
AB0331,Jeffry Cronin,Jeffry,Cronin,18,P,1976-01-13,Single,Male,31,2019-06-02,2018-12-05
AB0332,Caridad Waters,Caridad,Waters,14,P,1991-11-24,Marry,Male,34,2019-05-05,2018-03-29
AB0333,Modesto Ferry,Modesto,Ferry,19,P,1980-05-19,Single,Male,43,2019-02-26,2018-06-04
AB0334,Nakisha Lind,Nakisha,Lind,17,C,1965-06-18,Marry,Male,30,2019-11-18,2018-04-29
AB0335,Wenona Stehr,Wenona,Stehr,10,P,1991-01-28,Marry,Female,43,2019-10-27,2018-05-10
AB0336,Minnie Grady,Minnie,Grady,13,P,1970-08-09,Marry,Female,49,2019-06-05,2018-01-22
AB0337,Wes Wunsch,Wes,Wunsch,11,P,1985-03-19,Marry,Male,41,2019-11-20,2018-02-25
AB0338,Shonta Simonis,Shonta,Simonis,17,P,1969-08-27,Marry,Male,44,2019-12-08,2018-07-03
AB0339,Trinh Mann,Trinh,Mann,13,P,1996-06-25,Single,Female,45,2019-09-01,2018-11-23
AB0340,Arnulfo Paucek,Arnulfo,Paucek,14,P,1996-10-11,Single,Male,27,2019-11-19,2018-06-04
AB0341,Enid Connelly,Enid,Connelly,12,C,1993-10-31,Single,Male,42,2019-09-29,2018-07-13
AB0342,Ranae Greenholt,Ranae,Greenholt,16,C,1975-12-24,Marry,Male,33,2019-10-07,2018-05-22
AB0343,Carisa Schmidt,Carisa,Schmidt,14,P,1966-05-30,Single,Female,43,2019-02-27,2018-03-02
AB0344,Ladonna Bruen,Ladonna,Bruen,11,C,1977-10-06,Marry,Female,39,2019-09-13,2018-10-13
AB0345,Sam Koepp,Sam,Koepp,16,C,1981-11-03,Marry,Male,37,2019-07-27,2018-12-21
AB0346,Petrina Jenkins,Petrina,Jenkins,13,C,1963-11-30,Marry,Male,38,2019-09-29,2018-03-28
AB0347,Fairy Boyer,Fairy,Boyer,13,C,1962-07-04,Single,Male,34,2019-06-16,2018-09-05
AB0348,Sook Tromp,Sook,Tromp,19,P,1994-09-12,Single,Female,46,2019-06-20,2018-01-23
AB0349,Deloris Stehr,Deloris,Stehr,20,P,1989-01-24,Single,Female,30,2019-08-22,2018-02-07
AB0350,Kendrick Prosacco,Kendrick,Prosacco,16,P,1983-09-30,Marry,Female,30,2019-01-08,2018-09-03
AB0351,Estell Mann,Estell,Mann,16,P,1988-08-15,Marry,Female,32,2019-02-12,2018-09-14
AB0352,Rosalba Little,Rosalba,Little,20,C,1996-08-07,Single,Female,29,2019-07-11,2018-10-23
AB0353,Santos Christiansen,Santos,Christiansen,14,C,1964-09-03,Single,Female,43,2019-05-13,2018-05-18
AB0354,Chantay Dibbert,Chantay,Dibbert,17,P,1963-03-05,Marry,Male,44,2019-03-21,2018-07-22
AB0355,Monnie Franecki,Monnie,Franecki,19,C,1968-08-11,Marry,Male,40,2019-01-09,2018-09-09
AB0356,Dwight Douglas,Dwight,Douglas,18,C,1982-06-14,Marry,Female,33,2019-07-23,2018-08-01
AB0357,Bulah Walsh,Bulah,Walsh,13,C,1987-09-26,Single,Male,46,2019-09-20,2018-04-26
AB0358,Alec Sauer,Alec,Sauer,15,P,1986-04-24,Marry,Female,37,2019-09-24,2018-07-14
AB0359,Caryl Armstrong,Caryl,Armstrong,15,P,1960-09-24,Marry,Male,45,2019-04-12,2018-05-21
AB0360,Sanjuanita Walter,Sanjuanita,Walter,17,C,1973-12-20,Single,Female,49,2019-10-24,2018-12-18
AB0361,Roxy Collins,Roxy,Collins,18,P,1965-03-19,Single,Male,29,2019-05-30,2018-08-16
AB0362,Elenor Cartwright,Elenor,Cartwright,13,C,1992-12-12,Marry,Male,27,2019-04-19,2018-08-23
AB0363,Scott Rodriguez,Scott,Rodriguez,13,C,1957-09-09,Single,Male,50,2019-08-26,2018-11-01
AB0364,Karina Bayer,Karina,Bayer,12,P,1995-12-24,Marry,Male,31,2019-05-31,2018-11-10
AB0365,Lyndon McDermott,Lyndon,McDermott,10,C,1971-08-11,Marry,Male,29,2019-07-10,2018-07-11
AB0366,Sharon Schaefer,Sharon,Schaefer,11,P,1957-10-31,Single,Male,34,2019-07-22,2018-03-31
AB0367,Jessie Hudson,Jessie,Hudson,16,P,1965-11-08,Single,Male,50,2019-11-21,2018-04-22
AB0368,Kristopher Jenkins,Kristopher,Jenkins,17,P,1987-02-09,Marry,Male,41,2019-04-19,2018-08-20
AB0369,Bryce Kohler,Bryce,Kohler,16,P,1964-02-19,Marry,Female,37,2019-01-16,2018-01-25
AB0370,Agnus Krajcik,Agnus,Krajcik,12,P,1968-12-16,Marry,Female,43,2019-01-09,2018-12-02
AB0371,Freida Dietrich,Freida,Dietrich,18,C,1968-03-15,Single,Male,41,2019-02-09,2018-05-08
AB0372,Angel Gleason,Angel,Gleason,14,C,1986-07-13,Single,Female,50,2019-04-17,2018-09-09
AB0373,Jami Smitham,Jami,Smitham,14,C,1990-01-14,Single,Male,40,2019-09-15,2018-04-02
AB0374,Morgan Conn,Morgan,Conn,16,C,1984-11-07,Marry,Male,38,2019-05-17,2018-01-15
AB0375,Mathilde Nitzsche,Mathilde,Nitzsche,15,C,1991-01-11,Single,Male,39,2019-02-03,2018-05-20
AB0376,Jessia Dickinson,Jessia,Dickinson,17,C,1984-01-02,Single,Male,34,2019-09-06,2018-09-24
AB0377,Lou Hansen,Lou,Hansen,18,P,1969-08-15,Marry,Male,45,2019-12-17,2018-11-05
AB0378,Staci Romaguera,Staci,Romaguera,15,C,1982-02-15,Single,Male,27,2019-12-26,2018-05-26
AB0379,Chadwick Wilkinson,Chadwick,Wilkinson,14,C,1991-07-23,Single,Female,40,2019-02-02,2018-10-02
AB0380,Chasity Will,Chasity,Will,20,P,1965-11-28,Single,Female,49,2019-01-11,2018-04-17
AB0381,Edmund Bauch,Edmund,Bauch,17,P,1972-01-27,Marry,Male,39,2019-12-21,2018-11-26
AB0382,Aida Thiel,Aida,Thiel,20,C,1958-12-07,Marry,Female,41,2019-04-21,2018-10-30
AB0383,Fredricka Emard,Fredricka,Emard,20,C,1985-01-02,Single,Male,34,2019-05-12,2018-02-04
AB0384,Jarrod McCullough,Jarrod,McCullough,19,P,1995-03-26,Marry,Male,36,2019-12-10,2018-11-07
AB0385,Marquerite Schimmel,Marquerite,Schimmel,12,C,1960-08-25,Single,Female,40,2019-05-05,2018-12-28
AB0386,Dionne Treutel,Dionne,Treutel,20,P,1973-12-08,Marry,Female,43,2019-06-12,2018-01-06
AB0387,Carlo Swift,Carlo,Swift,13,P,1965-05-28,Single,Male,47,2019-08-31,2018-02-11
AB0388,Brad Marquardt,Brad,Marquardt,17,C,1979-02-13,Marry,Female,47,2019-05-22,2018-03-24
AB0389,Cherrie Robel,Cherrie,Robel,14,C,1994-06-30,Marry,Female,31,2019-11-07,2018-11-09
AB0390,Jesse Green,Jesse,Green,20,P,1996-03-30,Single,Female,36,2019-10-25,2018-01-02
AB0391,Lean Botsford,Lean,Botsford,20,C,1977-01-07,Single,Male,37,2019-12-16,2018-11-10
AB0392,Marguerite Schamberger,Marguerite,Schamberger,12,C,1989-08-29,Marry,Male,35,2019-02-11,2018-05-01
AB0393,Sheila Fritsch,Sheila,Fritsch,10,C,1980-03-05,Marry,Male,47,2019-09-03,2018-09-02
AB0394,Felix Leffler,Felix,Leffler,18,C,1972-02-12,Marry,Female,33,2019-01-17,2018-02-26
AB0395,Burma Mayert,Burma,Mayert,12,P,1957-09-08,Marry,Male,41,2019-03-28,2018-02-18
AB0396,Gladys Pagac,Gladys,Pagac,14,C,1988-06-21,Marry,Male,42,2019-08-04,2018-04-17
AB0397,Edyth Gleichner,Edyth,Gleichner,10,P,1958-02-02,Marry,Male,37,2019-10-31,2018-06-30
AB0398,Michale Langosh,Michale,Langosh,12,P,1968-07-20,Single,Male,32,2019-07-30,2018-06-04
AB0399,Estella Blanda,Estella,Blanda,18,C,1985-03-05,Marry,Male,30,2019-03-09,2018-09-15
AB0400,Jena Turner,Jena,Turner,11,C,1986-09-02,Marry,Female,46,2019-10-03,2018-07-15
AB0401,Bill Schaefer,Bill,Schaefer,16,C,1982-12-28,Marry,Male,32,2019-02-28,2018-05-04
AB0402,Beverley Davis,Beverley,Davis,10,C,1971-08-01,Marry,Male,45,2019-12-24,2018-10-03
AB0403,Krissy Marvin,Krissy,Marvin,10,C,1959-03-15,Single,Female,29,2019-02-08,2018-11-15
AB0404,Jordan Gislason,Jordan,Gislason,12,P,1972-03-07,Single,Male,30,2019-03-22,2018-02-18
AB0405,Amelia Kertzmann,Amelia,Kertzmann,14,C,1963-09-05,Marry,Female,38,2019-11-22,2018-03-22
AB0406,Marshall Osinski,Marshall,Osinski,14,P,1993-03-25,Marry,Male,38,2019-03-25,2018-03-30
AB0407,Laurence West,Laurence,West,17,P,1993-06-03,Single,Female,27,2019-11-11,2018-07-06
AB0408,Syreeta Fritsch,Syreeta,Fritsch,17,C,1959-04-19,Single,Female,29,2019-04-22,2018-05-30
AB0409,Lucy Braun,Lucy,Braun,16,C,1963-10-22,Marry,Female,41,2019-04-29,2018-12-24
AB0410,Loralee Weber,Loralee,Weber,20,P,1983-08-26,Marry,Male,49,2019-03-27,2018-03-30
AB0411,Librada Stracke,Librada,Stracke,17,C,1988-08-25,Marry,Female,37,2019-04-30,2018-02-14
AB0412,Lesley Monahan,Lesley,Monahan,14,P,1988-06-04,Single,Female,32,2019-09-14,2018-02-13
AB0413,Chi Hayes,Chi,Hayes,11,C,1970-09-03,Single,Female,48,2019-11-11,2018-10-11
AB0414,Nan Bauch,Nan,Bauch,19,P,1984-10-08,Marry,Female,29,2019-03-07,2018-10-22
AB0415,Davis Jakubowski,Davis,Jakubowski,10,C,1989-08-24,Single,Female,40,2019-07-17,2018-04-22
AB0416,Eva Reilly,Eva,Reilly,17,C,1990-02-17,Marry,Male,39,2019-10-12,2018-12-22
AB0417,Eugena Hirthe,Eugena,Hirthe,13,P,1969-06-10,Single,Male,37,2019-03-20,2018-02-25
AB0418,Shelly Walker,Shelly,Walker,11,C,1986-12-08,Single,Male,38,2019-02-01,2018-03-21
AB0419,Carlos Ziemann,Carlos,Ziemann,13,P,1992-10-08,Marry,Male,35,2019-09-05,2018-04-24
AB0420,Franklin Connelly,Franklin,Connelly,20,P,1995-08-31,Single,Male,40,2019-06-16,2018-02-14
AB0421,Lucy Schroeder,Lucy,Schroeder,12,P,1975-05-14,Single,Female,39,2019-01-12,2018-12-07
AB0422,Charles McCullough,Charles,McCullough,10,P,1990-11-14,Marry,Male,28,2019-12-23,2018-08-29
AB0423,Priscila Denesik,Priscila,Denesik,17,C,1964-05-19,Single,Male,32,2019-07-31,2018-08-03
AB0424,Vincent Boyle,Vincent,Boyle,14,C,1981-05-19,Marry,Male,34,2019-03-04,2018-07-04
AB0425,Mohammed Kessler,Mohammed,Kessler,19,C,1993-08-13,Single,Female,31,2019-03-05,2018-10-28
AB0426,Estell Windler,Estell,Windler,14,C,1986-03-27,Marry,Male,31,2019-03-06,2018-10-27
AB0427,Trent Hagenes,Trent,Hagenes,14,C,1984-08-12,Marry,Female,40,2019-08-18,2018-07-30
AB0428,Chantal Wilkinson,Chantal,Wilkinson,12,P,1991-10-31,Marry,Male,40,2019-03-30,2018-07-01
AB0429,Cory Crist,Cory,Crist,11,P,1967-03-07,Single,Female,43,2019-01-19,2018-06-08
AB0430,Gregg Johnston,Gregg,Johnston,16,C,1972-01-09,Single,Female,36,2019-02-02,2018-01-04
AB0431,Ping Goyette,Ping,Goyette,12,C,1989-07-29,Marry,Female,35,2019-07-29,2018-03-15
AB0432,Kennith Crooks,Kennith,Crooks,18,C,1989-08-01,Single,Female,36,2019-04-02,2018-10-11
AB0433,Danyelle Walter,Danyelle,Walter,11,P,1991-05-20,Marry,Female,48,2019-08-27,2018-06-03
AB0434,Johnetta Parker,Johnetta,Parker,15,P,1970-03-04,Marry,Male,47,2019-05-02,2018-02-21
AB0435,Junior Beier,Junior,Beier,17,C,1961-02-05,Single,Male,27,2019-03-05,2018-03-01
AB0436,Coy Dibbert,Coy,Dibbert,10,C,1967-01-26,Marry,Female,27,2019-08-15,2018-07-02
AB0437,Efren Schaefer,Efren,Schaefer,15,P,1984-01-09,Marry,Male,32,2019-04-02,2018-06-01
AB0438,Monte Keeling,Monte,Keeling,11,C,1972-09-08,Marry,Male,37,2019-07-25,2018-10-21
AB0439,Nickolas Nikolaus,Nickolas,Nikolaus,14,P,1968-12-14,Marry,Female,49,2019-07-08,2018-11-27
AB0440,Giovanna Shanahan,Giovanna,Shanahan,11,P,1974-09-28,Single,Female,43,2019-11-29,2018-04-15
AB0441,Starr Yost,Starr,Yost,11,C,1988-09-03,Marry,Male,27,2019-08-27,2018-09-21
AB0442,Milan Greenholt,Milan,Greenholt,16,P,1996-10-23,Single,Female,49,2019-04-08,2018-09-26
AB0443,Regan McGlynn,Regan,McGlynn,14,P,1993-12-11,Marry,Female,41,2019-03-11,2018-08-24
AB0444,Brooke Rice,Brooke,Rice,12,C,1992-10-13,Single,Male,39,2019-09-27,2018-11-14
AB0445,Hector Maggio,Hector,Maggio,18,C,1991-01-30,Marry,Male,39,2019-01-24,2018-04-30
AB0446,Carol Langworth,Carol,Langworth,18,P,1970-09-22,Single,Female,40,2019-11-21,2018-05-11
AB0447,Shayna Carter,Shayna,Carter,17,C,1975-03-13,Single,Female,33,2019-12-04,2018-03-27
AB0448,Tommy Bins,Tommy,Bins,14,P,1989-03-06,Single,Female,43,2019-10-15,2018-08-23
AB0449,Keenan Schmitt,Keenan,Schmitt,19,C,1964-10-08,Single,Male,40,2019-03-13,2018-02-12
AB0450,Pam Lynch,Pam,Lynch,14,P,1988-09-17,Single,Female,43,2019-04-27,2018-07-21
AB0451,Alvin Leannon,Alvin,Leannon,10,P,1968-02-29,Single,Female,48,2019-06-02,2018-12-05
AB0452,Joey Marks,Joey,Marks,15,C,1996-09-06,Single,Male,28,2019-11-26,2018-08-18
AB0453,Robby Sawayn,Robby,Sawayn,19,P,1976-02-12,Marry,Female,44,2019-01-08,2018-11-14
AB0454,Yuri Tillman,Yuri,Tillman,10,C,1981-02-11,Single,Male,27,2019-09-18,2018-08-27
AB0455,Shad Beer,Shad,Beer,19,P,1958-12-19,Marry,Female,47,2019-09-01,2018-02-26
AB0456,Graciela Hauck,Graciela,Hauck,20,P,1970-07-02,Single,Male,41,2019-07-02,2018-07-02
AB0457,Everette Hilll,Everette,Hilll,19,P,1992-10-31,Marry,Female,50,2019-09-19,2018-07-24
AB0458,Lezlie Franecki,Lezlie,Franecki,12,P,1988-11-19,Marry,Female,31,2019-12-15,2018-11-02
AB0459,Moira Rempel,Moira,Rempel,15,P,1978-03-10,Single,Male,39,2019-05-04,2018-09-08
AB0460,Kenyatta Volkman,Kenyatta,Volkman,12,P,1965-02-08,Marry,Male,50,2019-09-28,2018-01-27
AB0461,Latesha Daniel,Latesha,Daniel,16,P,1982-10-09,Single,Male,29,2019-07-08,2018-01-03
AB0462,Reginald Kuhic,Reginald,Kuhic,20,P,1974-10-09,Marry,Female,43,2019-07-29,2018-08-30
AB0463,Marlana Kuvalis,Marlana,Kuvalis,18,P,1973-08-02,Single,Male,36,2019-09-09,2018-08-16
AB0464,Mickey Schuster,Mickey,Schuster,14,P,1996-01-31,Single,Male,34,2019-01-27,2018-03-12
AB0465,Russel Gleichner,Russel,Gleichner,10,C,1973-04-26,Single,Male,50,2019-04-09,2018-12-06
AB0466,Solomon Homenick,Solomon,Homenick,15,C,1977-01-20,Single,Male,36,2019-01-18,2018-09-14
AB0467,Ned Herman,Ned,Herman,16,P,1996-10-12,Single,Male,50,2019-10-27,2018-02-06
AB0468,Bertie Kilback,Bertie,Kilback,13,P,1991-11-23,Single,Male,47,2019-06-05,2018-04-26
AB0469,Tanner Leffler,Tanner,Leffler,15,P,1984-01-28,Single,Female,28,2019-08-10,2018-02-07
AB0470,Romona Kiehn,Romona,Kiehn,10,P,1961-01-25,Single,Female,38,2019-04-26,2018-08-28
AB0471,Nancee Mueller,Nancee,Mueller,11,P,1959-05-22,Single,Female,38,2019-06-01,2018-11-21
AB0472,Shayla Considine,Shayla,Considine,13,P,1988-02-05,Marry,Male,32,2019-10-08,2018-04-16
AB0473,Eloy Will,Eloy,Will,10,P,1958-03-02,Single,Female,38,2019-09-11,2018-04-27
AB0474,Loren Cartwright,Loren,Cartwright,20,C,1987-03-06,Marry,Male,38,2019-10-31,2018-06-07
AB0475,Providencia Wilderman,Providencia,Wilderman,20,C,1964-11-16,Single,Male,28,2019-04-12,2018-09-06
AB0476,Carmel Roberts,Carmel,Roberts,13,C,1958-09-06,Marry,Female,35,2019-09-20,2018-01-10
AB0477,Carlos Herzog,Carlos,Herzog,16,P,1971-05-05,Single,Male,47,2019-06-29,2018-08-10
AB0478,Sandy Nikolaus,Sandy,Nikolaus,13,C,1978-05-05,Marry,Male,28,2019-10-02,2018-02-06
AB0479,Erwin Lind,Erwin,Lind,19,C,1996-05-19,Marry,Male,36,2019-10-01,2018-10-10
AB0480,Booker Cormier,Booker,Cormier,16,P,1990-02-19,Single,Female,50,2019-01-04,2018-02-20
AB0481,Lanora Bergnaum,Lanora,Bergnaum,13,C,1969-04-12,Marry,Female,40,2019-07-20,2018-11-06
AB0482,Samara Greenfelder,Samara,Greenfelder,11,P,1971-08-27,Single,Female,34,2019-03-27,2018-04-16
AB0483,Robby Heller,Robby,Heller,14,P,1996-02-12,Single,Female,38,2019-05-09,2018-09-22
AB0484,Timothy Gottlieb,Timothy,Gottlieb,15,P,1990-10-01,Single,Male,48,2019-09-13,2018-06-19
AB0485,Brooks Koelpin,Brooks,Koelpin,17,C,1981-05-25,Marry,Male,49,2019-07-21,2018-04-22
AB0486,Arthur Ebert,Arthur,Ebert,15,C,1958-03-03,Single,Female,27,2019-07-18,2018-05-20
AB0487,Bret Pouros,Bret,Pouros,11,C,1980-05-26,Single,Female,37,2019-03-11,2018-03-30
AB0488,Son Ruecker,Son,Ruecker,17,P,1993-07-26,Marry,Female,27,2019-12-19,2018-12-05
AB0489,Kasie Cummings,Kasie,Cummings,13,C,1982-03-15,Marry,Male,46,2019-01-03,2018-03-22
AB0490,Vincent Heller,Vincent,Heller,10,P,1994-11-07,Single,Female,35,2019-05-08,2018-10-19
AB0491,Chang Schmeler,Chang,Schmeler,16,P,1988-05-12,Marry,Female,31,2019-11-02,2018-12-19
AB0492,Ethelyn Russel,Ethelyn,Russel,12,P,1978-06-14,Single,Male,47,2019-03-28,2018-12-15
AB0493,Ruthe Swift,Ruthe,Swift,19,P,1972-11-12,Marry,Female,48,2019-08-16,2018-11-11
AB0494,Gwendolyn Gibson,Gwendolyn,Gibson,12,P,1964-01-31,Marry,Male,34,2019-12-13,2018-08-17
AB0495,Jada Parisian,Jada,Parisian,14,P,1991-08-21,Single,Female,48,2019-11-13,2018-01-29
AB0496,Edna Bode,Edna,Bode,12,C,1964-05-07,Marry,Female,48,2019-02-25,2018-03-28
AB0497,Jamal Torphy,Jamal,Torphy,13,P,1962-07-25,Marry,Male,48,2019-04-09,2018-05-22
AB0498,Tamica Simonis,Tamica,Simonis,17,P,1981-10-18,Single,Male,43,2019-02-13,2018-05-14
AB0499,Adele Murray,Adele,Murray,12,C,1986-10-31,Single,Female,46,2019-03-09,2018-10-31
AB0500,Reva Rath,Reva,Rath,11,C,1983-10-15,Marry,Male,50,2019-12-18,2018-01-16
AB0501,Trent Lang,Trent,Lang,16,P,1964-05-26,Marry,Male,35,2019-01-27,2018-08-23
AB0502,Hermine Russel,Hermine,Russel,16,P,1982-08-27,Single,Female,37,2019-04-09,2018-03-29
AB0503,Darnell Hintz,Darnell,Hintz,13,C,1973-12-05,Single,Female,28,2019-09-30,2018-03-16
AB0504,Cara Sawayn,Cara,Sawayn,17,P,1968-12-31,Single,Male,27,2019-06-08,2018-08-27
AB0505,Erasmo Roob,Erasmo,Roob,20,C,1977-08-09,Marry,Female,36,2019-11-27,2018-10-06
AB0506,Rolando Deckow,Rolando,Deckow,16,C,1992-04-29,Single,Female,45,2019-01-19,2018-04-07
AB0507,Antonia Wiza,Antonia,Wiza,19,P,1974-04-27,Single,Male,40,2019-12-01,2018-05-02
AB0508,Britteny Prohaska,Britteny,Prohaska,18,C,1986-08-19,Single,Male,48,2019-05-28,2018-10-15
AB0509,Basil Spencer,Basil,Spencer,15,P,1981-09-11,Single,Male,28,2019-06-28,2018-06-03
AB0510,Donnie Walter,Donnie,Walter,12,C,1986-02-08,Marry,Female,31,2019-09-09,2018-10-03
AB0511,Karima Sipes,Karima,Sipes,16,P,1992-07-15,Single,Male,27,2019-10-28,2018-04-06
AB0512,Dania Gulgowski,Dania,Gulgowski,14,C,1982-09-11,Marry,Female,38,2019-10-12,2018-04-11
AB0513,Darius Hettinger,Darius,Hettinger,11,C,1965-02-10,Single,Female,27,2019-04-21,2018-11-09
AB0514,Bill Hermann,Bill,Hermann,10,C,1995-07-13,Single,Female,33,2019-06-27,2018-01-29
AB0515,Boyce Johnson,Boyce,Johnson,12,P,1968-08-07,Marry,Female,44,2019-01-04,2018-08-26
AB0516,Brad Goyette,Brad,Goyette,11,P,1971-03-29,Single,Male,43,2019-04-26,2018-10-19
AB0517,Stanton Farrell,Stanton,Farrell,18,P,1975-05-05,Marry,Male,42,2019-09-13,2018-05-22
AB0518,Scot Breitenberg,Scot,Breitenberg,17,P,1957-11-04,Marry,Female,40,2019-05-03,2018-12-05
AB0519,Jamie Swift,Jamie,Swift,17,P,1968-01-16,Single,Female,40,2019-06-12,2018-12-27
AB0520,Marcellus Russel,Marcellus,Russel,14,P,1984-01-10,Single,Male,32,2019-08-10,2018-06-25
AB0521,Coreen Prosacco,Coreen,Prosacco,11,P,1967-05-22,Single,Female,35,2019-01-03,2018-07-08
AB0522,Wilfred Paucek,Wilfred,Paucek,11,C,1990-07-03,Marry,Female,28,2019-04-30,2018-11-17
AB0523,Leta Welch,Leta,Welch,10,P,1966-07-05,Marry,Male,38,2019-09-02,2018-12-20
AB0524,Thurman Pollich,Thurman,Pollich,13,P,1965-12-28,Marry,Female,45,2019-02-25,2018-08-11
AB0525,Nola Auer,Nola,Auer,16,C,1996-09-12,Marry,Female,41,2019-11-25,2018-02-19
AB0526,Camelia Hoeger,Camelia,Hoeger,12,P,1978-11-20,Marry,Male,46,2019-03-28,2018-03-04
AB0527,Buddy Hartmann,Buddy,Hartmann,11,P,1990-05-13,Single,Male,28,2019-10-24,2018-05-05
AB0528,Allena Harber,Allena,Harber,20,C,1959-09-08,Single,Female,27,2019-11-16,2018-08-06
AB0529,Dia Jast,Dia,Jast,19,C,1959-02-07,Single,Male,50,2019-03-22,2018-10-29
AB0530,Bradly Gibson,Bradly,Gibson,10,P,1967-07-31,Marry,Male,37,2019-06-05,2018-12-04
AB0531,Jose Haley,Jose,Haley,13,C,1957-12-17,Single,Male,39,2019-12-28,2018-07-05
AB0532,Joseph Orn,Joseph,Orn,14,P,1969-03-16,Marry,Male,28,2019-09-29,2018-04-16
AB0533,Austin Hudson,Austin,Hudson,16,P,1988-05-11,Single,Male,43,2019-07-12,2018-03-30
AB0534,Carol Osinski,Carol,Osinski,17,C,1969-11-02,Marry,Male,31,2019-10-15,2018-06-16
AB0535,Chad Heathcote,Chad,Heathcote,16,C,1976-10-25,Marry,Male,27,2019-04-17,2018-01-31
AB0536,Frankie Hills,Frankie,Hills,14,P,1991-08-24,Marry,Female,38,2019-10-13,2018-03-31
AB0537,Larue Lesch,Larue,Lesch,11,P,1959-04-19,Marry,Female,27,2019-06-03,2018-01-27
AB0538,Andreas Hilpert,Andreas,Hilpert,17,P,1993-10-28,Marry,Female,28,2019-07-29,2018-01-08
AB0539,Bernadine Veum,Bernadine,Veum,10,C,1985-09-17,Single,Male,28,2019-01-26,2018-02-17
AB0540,Zofia Schamberger,Zofia,Schamberger,11,P,1973-01-17,Marry,Male,37,2019-08-21,2018-05-23
AB0541,Jerald Erdman,Jerald,Erdman,17,C,1960-10-18,Single,Female,41,2019-05-16,2018-10-12
AB0542,August Bartoletti,August,Bartoletti,16,P,1958-04-20,Marry,Female,28,2019-04-03,2018-09-15
AB0543,Dustin Hayes,Dustin,Hayes,20,P,1979-11-15,Single,Female,50,2019-10-18,2018-12-16
AB0544,Rufus Collier,Rufus,Collier,16,C,1959-09-20,Marry,Male,49,2019-05-25,2018-12-05
AB0545,Darrick Gutmann,Darrick,Gutmann,17,C,1994-07-28,Single,Male,39,2019-10-02,2018-08-29
AB0546,Valentin Sanford,Valentin,Sanford,10,P,1958-08-22,Marry,Male,37,2019-09-17,2018-11-03
AB0547,Tracy Schmidt,Tracy,Schmidt,11,C,1986-02-26,Single,Female,45,2019-10-28,2018-10-23
AB0548,Eloy Reinger,Eloy,Reinger,18,C,1970-02-04,Single,Female,27,2019-02-04,2018-01-23
AB0549,Herbert Harvey,Herbert,Harvey,17,C,1976-12-27,Single,Female,42,2019-01-04,2018-03-21
AB0550,Maryalice Wilkinson,Maryalice,Wilkinson,12,C,1974-07-10,Marry,Male,41,2019-11-16,2018-08-13
AB0551,Santiago Hackett,Santiago,Hackett,16,C,1964-05-08,Single,Male,37,2019-07-01,2018-11-30
AB0552,Cedric Brekke,Cedric,Brekke,16,C,1992-07-17,Marry,Female,45,2019-05-15,2018-02-27
AB0553,Latoyia Koelpin,Latoyia,Koelpin,14,C,1965-01-06,Marry,Male,36,2019-10-07,2018-06-14
AB0554,Karl Hudson,Karl,Hudson,10,C,1992-02-21,Marry,Male,41,2019-06-04,2018-07-28
AB0555,Arla Stark,Arla,Stark,15,P,1982-06-28,Single,Male,36,2019-09-28,2018-12-28
AB0556,Gail Vandervort,Gail,Vandervort,12,C,1994-05-20,Marry,Female,46,2019-04-25,2018-03-16
AB0557,Bret Jenkins,Bret,Jenkins,13,C,1990-04-30,Marry,Male,42,2019-01-02,2018-02-17
AB0558,Roland Gleichner,Roland,Gleichner,17,C,1958-02-03,Single,Male,31,2019-03-21,2018-11-15
AB0559,Leida Kuhlman,Leida,Kuhlman,14,C,1977-07-05,Marry,Male,28,2019-08-17,2018-11-17
AB0560,Kenneth Purdy,Kenneth,Purdy,10,P,1974-07-29,Marry,Female,49,2019-02-09,2018-09-27
AB0561,Donte Tremblay,Donte,Tremblay,15,C,1973-08-29,Marry,Male,44,2019-01-23,2018-04-14
AB0562,Sachiko Cormier,Sachiko,Cormier,12,C,1979-06-21,Marry,Female,47,2019-02-07,2018-12-25
AB0563,Rosario Kemmer,Rosario,Kemmer,16,P,1957-05-20,Marry,Male,37,2019-06-28,2018-06-29
AB0564,Freddy Windler,Freddy,Windler,16,C,1994-02-27,Marry,Female,31,2019-09-03,2018-05-23
AB0565,Tad Schumm,Tad,Schumm,11,C,1966-02-07,Single,Male,40,2019-01-29,2018-08-04
AB0566,Bryce Hammes,Bryce,Hammes,14,C,1960-04-17,Marry,Female,43,2019-03-19,2018-08-08
AB0567,Ross Williamson,Ross,Williamson,17,P,1969-07-21,Marry,Male,28,2019-06-28,2018-09-25
AB0568,Dylan Willms,Dylan,Willms,16,C,1973-01-16,Single,Male,44,2019-09-27,2018-08-28
AB0569,Cody Nolan,Cody,Nolan,18,C,1961-09-18,Single,Male,47,2019-03-17,2018-08-18
AB0570,Andrew Moen,Andrew,Moen,10,C,1995-05-01,Single,Female,30,2019-02-13,2018-06-09
AB0571,Enrique Weissnat,Enrique,Weissnat,19,P,1979-02-08,Single,Male,49,2019-03-30,2018-02-15
AB0572,Selina Gusikowski,Selina,Gusikowski,11,C,1994-04-24,Single,Male,36,2019-06-05,2018-08-19
AB0573,Earnest Johnston,Earnest,Johnston,13,C,1980-06-01,Marry,Male,46,2019-05-17,2018-10-05
AB0574,Monroe King,Monroe,King,17,P,1991-01-30,Marry,Male,39,2019-09-12,2018-03-14
AB0575,Dallas Goyette,Dallas,Goyette,10,P,1971-12-15,Single,Male,44,2019-01-04,2018-06-22
AB0576,Les Mertz,Les,Mertz,16,P,1979-04-21,Marry,Male,48,2019-11-15,2018-09-25
AB0577,Pearle Rolfson,Pearle,Rolfson,20,C,1991-08-08,Single,Female,42,2019-01-16,2018-08-13
AB0578,Chase Sporer,Chase,Sporer,18,C,1959-05-23,Marry,Male,49,2019-10-20,2018-05-05
AB0579,Nicholas Ratke,Nicholas,Ratke,20,C,1973-04-04,Marry,Female,27,2019-05-14,2018-05-16
AB0580,Eusebio Ziemann,Eusebio,Ziemann,10,P,1973-01-20,Single,Male,37,2019-11-11,2018-05-18
AB0581,Tambra Braun,Tambra,Braun,15,P,1978-05-29,Single,Male,50,2019-06-01,2018-01-17
AB0582,Harold Watsica,Harold,Watsica,14,C,1968-08-31,Single,Female,40,2019-08-28,2018-09-02
AB0583,Lucien Lebsack,Lucien,Lebsack,13,P,1970-09-26,Marry,Female,43,2019-05-02,2018-10-15
AB0584,Lorrine Volkman,Lorrine,Volkman,14,C,1968-01-07,Single,Male,33,2019-05-20,2018-10-26
AB0585,Leland Maggio,Leland,Maggio,19,P,1971-10-07,Marry,Female,30,2019-10-18,2018-03-09
AB0586,Vance Langosh,Vance,Langosh,10,P,1994-10-16,Single,Male,28,2019-09-26,2018-01-03
AB0587,Marquerite Jakubowski,Marquerite,Jakubowski,12,C,1963-12-13,Marry,Female,27,2019-08-26,2018-11-06
AB0588,Marti Price,Marti,Price,19,P,1980-07-28,Single,Male,43,2019-11-15,2018-09-13
AB0589,Alonzo Kiehn,Alonzo,Kiehn,15,C,1992-10-02,Single,Female,40,2019-05-20,2018-07-12
AB0590,Brain Ritchie,Brain,Ritchie,11,C,1958-01-18,Marry,Male,48,2019-04-14,2018-07-19
AB0591,Melita Brekke,Melita,Brekke,20,P,1990-04-24,Single,Male,34,2019-03-29,2018-10-07
AB0592,Concha Gleason,Concha,Gleason,18,P,1964-01-31,Marry,Female,39,2019-04-21,2018-10-02
AB0593,Burl Jenkins,Burl,Jenkins,20,C,1983-03-17,Single,Male,42,2019-02-14,2018-09-01
AB0594,Dion Mayer,Dion,Mayer,11,C,1980-12-13,Marry,Male,35,2019-08-10,2018-12-28
AB0595,Huey Bailey,Huey,Bailey,11,P,1993-01-25,Marry,Male,27,2019-07-19,2018-10-10
AB0596,Israel Schaefer,Israel,Schaefer,20,C,1994-07-28,Marry,Female,43,2019-10-26,2018-11-26
AB0597,Magdalena Morar,Magdalena,Morar,14,C,1959-10-31,Single,Male,35,2019-09-18,2018-01-23
AB0598,Erin Vandervort,Erin,Vandervort,11,C,1989-02-08,Single,Male,33,2019-09-01,2018-11-27
AB0599,Edmund VonRueden,Edmund,VonRueden,12,P,1982-12-27,Marry,Male,35,2019-11-15,2018-09-27
AB0600,Dirk Collier,Dirk,Collier,10,C,1995-11-18,Marry,Female,31,2019-09-16,2018-01-15
AB0601,Octavio Bernhard,Octavio,Bernhard,15,C,1980-11-20,Marry,Male,31,2019-02-06,2018-12-24
AB0602,Tami Hickle,Tami,Hickle,11,P,1959-06-03,Single,Female,50,2019-04-19,2018-04-03
AB0603,Melisa Shields,Melisa,Shields,19,C,1976-01-13,Marry,Female,46,2019-08-12,2018-03-20
AB0604,Michel Schinner,Michel,Schinner,15,C,1964-08-29,Single,Male,28,2019-12-08,2018-10-15
AB0605,Hermelinda Hahn,Hermelinda,Hahn,15,C,1972-04-15,Marry,Female,47,2019-12-12,2018-07-12
AB0606,Ezequiel Ernser,Ezequiel,Ernser,12,C,1988-02-05,Single,Female,44,2019-07-23,2018-02-17
AB0607,Jarrett Aufderhar,Jarrett,Aufderhar,10,P,1967-05-27,Single,Male,33,2019-07-31,2018-06-15
AB0608,Albert Kling,Albert,Kling,20,C,1970-08-21,Marry,Male,40,2019-05-29,2018-03-30
AB0609,Randy O'Keefe,Randy,O'Keefe,17,C,1993-06-23,Marry,Male,29,2019-10-18,2018-09-06
AB0610,Effie Rohan,Effie,Rohan,17,C,1971-07-31,Single,Male,41,2019-04-08,2018-06-12
AB0611,Cindie Ortiz,Cindie,Ortiz,17,C,1983-01-10,Single,Female,28,2019-10-16,2018-12-19
AB0612,Page Effertz,Page,Effertz,15,P,1966-08-16,Single,Male,36,2019-02-11,2018-07-29
AB0613,Etsuko Schneider,Etsuko,Schneider,11,C,1975-09-20,Single,Female,29,2019-09-17,2018-02-22
AB0614,Chantell MacGyver,Chantell,MacGyver,17,C,1992-02-16,Single,Male,47,2019-07-24,2018-11-05
AB0615,Donny Spencer,Donny,Spencer,13,P,1990-02-08,Marry,Male,45,2019-05-30,2018-04-07
AB0616,Britney Lemke,Britney,Lemke,18,C,1958-10-10,Marry,Female,38,2019-04-01,2018-04-19
AB0617,Karly O'Kon,Karly,O'Kon,18,C,1973-01-19,Single,Male,36,2019-10-30,2018-02-18
AB0618,Denis Mann,Denis,Mann,12,P,1962-04-23,Single,Male,38,2019-11-07,2018-11-04
AB0619,Thelma Bednar,Thelma,Bednar,13,P,1960-09-23,Marry,Male,32,2019-10-13,2018-08-19
AB0620,Melanie Mann,Melanie,Mann,14,C,1969-08-14,Single,Male,47,2019-08-23,2018-12-05
AB0621,Refugio Kris,Refugio,Kris,15,C,1994-09-18,Single,Male,50,2019-03-10,2018-09-26
AB0622,Efrain Volkman,Efrain,Volkman,17,P,1983-07-08,Marry,Female,44,2019-08-27,2018-03-02
AB0623,Antonina Hickle,Antonina,Hickle,17,P,1980-05-05,Single,Female,30,2019-05-18,2018-06-24
AB0624,Shiela Weissnat,Shiela,Weissnat,15,C,1963-03-03,Single,Female,42,2019-03-12,2018-01-25
AB0625,Gavin Leannon,Gavin,Leannon,14,P,1964-02-19,Marry,Female,40,2019-11-21,2018-04-14
AB0626,Cherry Vandervort,Cherry,Vandervort,14,P,1971-02-09,Marry,Female,46,2019-08-19,2018-09-11
AB0627,Charlie Gibson,Charlie,Gibson,17,P,1974-08-17,Marry,Male,46,2019-03-17,2018-10-05
AB0628,Dillon Morar,Dillon,Morar,20,P,1988-03-15,Marry,Male,34,2019-04-03,2018-10-11
AB0629,Karey Baumbach,Karey,Baumbach,17,C,1978-03-31,Single,Female,47,2019-03-13,2018-08-30
AB0630,Anabel Prosacco,Anabel,Prosacco,12,P,1985-03-17,Single,Male,41,2019-09-04,2018-12-05
AB0631,Blanche Legros,Blanche,Legros,15,C,1996-12-20,Single,Female,35,2019-06-05,2018-07-04
AB0632,Nathanial Adams,Nathanial,Adams,14,P,1994-09-01,Single,Male,38,2019-04-02,2018-11-07
AB0633,Jerold Stark,Jerold,Stark,18,C,1980-07-27,Single,Female,45,2019-09-29,2018-10-11
AB0634,Santiago Runolfsson,Santiago,Runolfsson,11,P,1992-11-03,Single,Female,27,2019-06-03,2018-08-05
AB0635,Sharen Connelly,Sharen,Connelly,12,P,1993-12-22,Single,Female,31,2019-09-21,2018-04-18
AB0636,Rickey Hintz,Rickey,Hintz,20,P,1984-05-13,Marry,Male,40,2019-06-29,2018-05-09
AB0637,Cristin Pollich,Cristin,Pollich,11,C,1983-03-21,Single,Female,45,2019-10-01,2018-03-17
AB0638,Andres Ryan,Andres,Ryan,14,C,1982-12-02,Single,Male,43,2019-10-21,2018-11-18
AB0639,Lonna Jerde,Lonna,Jerde,12,P,1979-06-08,Single,Female,32,2019-03-30,2018-09-20
AB0640,Dominga Crona,Dominga,Crona,12,C,1980-01-26,Marry,Female,28,2019-08-24,2018-05-25
AB0641,Devon Towne,Devon,Towne,10,P,1957-02-02,Single,Male,31,2019-02-23,2018-10-25
AB0642,Kristine Gutkowski,Kristine,Gutkowski,12,C,1975-03-17,Marry,Male,47,2019-11-25,2018-11-23
AB0643,Basil Abernathy,Basil,Abernathy,17,C,1969-02-21,Single,Female,47,2019-09-27,2018-01-30
AB0644,Ali Mills,Ali,Mills,14,P,1993-06-23,Single,Female,35,2019-02-18,2018-09-28
AB0645,Serafina Dicki,Serafina,Dicki,16,C,1969-12-21,Marry,Male,45,2019-08-03,2018-08-11
AB0646,Simone Waters,Simone,Waters,11,C,1971-05-16,Marry,Female,39,2019-10-29,2018-06-10
AB0647,Linnea Schaden,Linnea,Schaden,15,P,1979-08-19,Single,Male,40,2019-04-03,2018-05-16
AB0648,Raymond Stracke,Raymond,Stracke,17,C,1986-12-11,Marry,Female,50,2019-11-11,2018-05-14
AB0649,Alishia Rath,Alishia,Rath,13,P,1989-04-24,Marry,Female,30,2019-04-24,2018-12-12
AB0650,Veta Weissnat,Veta,Weissnat,16,P,1991-07-08,Marry,Female,47,2019-03-07,2018-05-24
AB0651,Juliette Reichel,Juliette,Reichel,12,P,1989-05-28,Marry,Male,36,2019-03-03,2018-07-15
AB0652,Pat Dicki,Pat,Dicki,18,P,1970-08-20,Single,Male,34,2019-08-30,2018-09-27
AB0653,Ceola Franecki,Ceola,Franecki,11,P,1961-01-26,Marry,Female,33,2019-09-26,2018-08-06
AB0654,Ellis Runolfsson,Ellis,Runolfsson,20,C,1965-01-16,Marry,Male,50,2019-03-29,2018-05-23
AB0655,Shaunda Yundt,Shaunda,Yundt,19,C,1966-10-18,Marry,Female,49,2019-06-03,2018-10-15
AB0656,Angelo Stroman,Angelo,Stroman,13,P,1989-05-02,Single,Male,49,2019-05-04,2018-08-17
AB0657,Harold Kihn,Harold,Kihn,20,C,1975-07-01,Single,Male,32,2019-03-10,2018-04-04
AB0658,Sabra Ankunding,Sabra,Ankunding,14,C,1992-11-12,Single,Male,44,2019-01-09,2018-09-25
AB0659,Coleman Gibson,Coleman,Gibson,11,C,1993-12-23,Marry,Female,48,2019-06-21,2018-03-14
AB0660,Chante Schiller,Chante,Schiller,19,C,1966-06-07,Single,Female,34,2019-11-28,2018-12-27
AB0661,Darius Kuhic,Darius,Kuhic,10,P,1977-05-15,Marry,Female,49,2019-07-11,2018-07-05
AB0662,Jesus Hamill,Jesus,Hamill,13,P,1959-05-18,Single,Male,40,2019-11-18,2018-11-16
AB0663,Grady Wintheiser,Grady,Wintheiser,12,C,1983-02-21,Marry,Male,29,2019-02-16,2018-03-09
AB0664,Alejandro Reinger,Alejandro,Reinger,16,C,1987-11-03,Marry,Male,38,2019-12-06,2018-11-20
AB0665,Nell Lubowitz,Nell,Lubowitz,20,C,1957-05-27,Marry,Female,44,2019-02-25,2018-09-21
AB0666,Merrilee Bartell,Merrilee,Bartell,11,P,1968-05-10,Single,Female,46,2019-09-19,2018-05-11
AB0667,Vennie Stanton,Vennie,Stanton,12,C,1980-04-26,Marry,Female,31,2019-03-08,2018-07-17
AB0668,Catalina Nikolaus,Catalina,Nikolaus,13,P,1982-03-29,Single,Male,37,2019-08-23,2018-11-23
AB0669,Garland Barton,Garland,Barton,14,P,1981-01-16,Marry,Female,34,2019-12-19,2018-04-30
AB0670,Esmeralda Lowe,Esmeralda,Lowe,17,C,1960-12-17,Marry,Male,27,2019-01-03,2018-07-13
AB0671,Arletha Schuster,Arletha,Schuster,16,C,1976-12-21,Single,Female,33,2019-08-10,2018-03-21
AB0672,Boyce Hand,Boyce,Hand,10,P,1966-11-09,Single,Male,32,2019-07-29,2018-04-30
AB0673,Jimmy Volkman,Jimmy,Volkman,13,P,1988-06-06,Marry,Male,39,2019-06-17,2018-04-02
AB0674,Kelvin Pagac,Kelvin,Pagac,19,P,1968-05-30,Single,Female,36,2019-11-08,2018-09-25
AB0675,Merlyn Kautzer,Merlyn,Kautzer,17,P,1969-12-16,Marry,Male,40,2019-03-02,2018-10-06
AB0676,Rashad Kulas,Rashad,Kulas,14,C,1973-01-14,Single,Male,48,2019-02-25,2018-03-01
AB0677,Corliss Bartell,Corliss,Bartell,14,C,1958-04-22,Single,Female,38,2019-02-25,2018-05-31
AB0678,Jeanelle Bechtelar,Jeanelle,Bechtelar,14,P,1988-02-10,Marry,Male,37,2019-01-17,2018-12-10
AB0679,Tereasa Stark,Tereasa,Stark,14,C,1962-12-22,Single,Male,34,2019-05-23,2018-01-08
AB0680,Edwin Fadel,Edwin,Fadel,18,P,1961-05-25,Marry,Female,30,2019-10-02,2018-08-05
AB0681,Bernie Windler,Bernie,Windler,13,P,1975-03-01,Marry,Male,31,2019-11-08,2018-11-16
AB0682,Arnoldo Hilll,Arnoldo,Hilll,19,C,1981-07-06,Marry,Male,41,2019-01-26,2018-05-30
AB0683,Tamica Jerde,Tamica,Jerde,20,P,1981-08-19,Marry,Male,50,2019-06-14,2018-03-07
AB0684,Joesph Schuster,Joesph,Schuster,15,C,1961-01-08,Single,Male,48,2019-04-08,2018-12-11
AB0685,Frank Feeney,Frank,Feeney,20,C,1986-11-09,Single,Female,38,2019-10-05,2018-11-12
AB0686,Brock Bins,Brock,Bins,19,P,1983-05-08,Marry,Female,40,2019-09-29,2018-01-29
AB0687,Nelida Senger,Nelida,Senger,12,P,1975-02-23,Marry,Female,50,2019-05-12,2018-06-16
AB0688,Farah Kilback,Farah,Kilback,10,P,1966-12-20,Marry,Male,30,2019-06-06,2018-12-23
AB0689,Kyoko Lesch,Kyoko,Lesch,15,P,1974-09-15,Single,Female,44,2019-12-14,2018-03-16
AB0690,Garth Swift,Garth,Swift,15,P,1958-01-25,Single,Female,38,2019-03-07,2018-05-17
AB0691,Lakia Kunde,Lakia,Kunde,17,P,1992-05-11,Marry,Female,30,2019-12-09,2018-06-13
AB0692,Cherish Dicki,Cherish,Dicki,19,P,1962-05-11,Marry,Male,34,2019-07-28,2018-07-13
AB0693,Ernestine Marks,Ernestine,Marks,17,P,1981-01-27,Single,Female,29,2019-03-23,2018-04-08
AB0694,Chassidy Grimes,Chassidy,Grimes,14,P,1957-03-09,Single,Female,45,2019-03-02,2018-03-26
AB0695,Johnetta Langosh,Johnetta,Langosh,20,C,1965-12-10,Single,Female,30,2019-03-08,2018-05-23
AB0696,Marquis Kertzmann,Marquis,Kertzmann,20,C,1957-08-01,Marry,Male,37,2019-08-09,2018-01-03
AB0697,Paz Homenick,Paz,Homenick,15,P,1970-08-27,Single,Female,31,2019-07-15,2018-05-08
AB0698,Rosanna Schuster,Rosanna,Schuster,12,P,1974-03-21,Single,Female,49,2019-08-06,2018-07-23
AB0699,Fred Ebert,Fred,Ebert,10,P,1996-12-05,Marry,Male,27,2019-06-27,2018-05-01
AB0700,Ellena Stracke,Ellena,Stracke,19,C,1972-06-23,Single,Male,44,2019-01-20,2018-09-11
AB0701,Odette Rodriguez,Odette,Rodriguez,16,C,1979-03-04,Single,Female,49,2019-01-23,2018-12-18
AB0702,Leesa Johnston,Leesa,Johnston,12,C,1994-03-08,Single,Male,36,2019-09-22,2018-10-18
AB0703,Eduardo Kshlerin,Eduardo,Kshlerin,18,C,1967-05-30,Single,Male,43,2019-07-26,2018-02-18
AB0704,Van Ortiz,Van,Ortiz,16,P,1975-11-01,Marry,Female,45,2019-02-02,2018-07-11
AB0705,Lakendra Kertzmann,Lakendra,Kertzmann,17,P,1984-09-02,Marry,Female,33,2019-12-12,2018-03-30
AB0706,Abe Padberg,Abe,Padberg,12,C,1985-02-06,Marry,Female,31,2019-05-05,2018-11-02
AB0707,Moses Barton,Moses,Barton,15,C,1989-06-14,Marry,Female,37,2019-11-20,2018-04-30
AB0708,Mario Witting,Mario,Witting,11,P,1960-10-25,Marry,Female,28,2019-09-02,2018-01-04
AB0709,Shanel Zulauf,Shanel,Zulauf,20,C,1964-05-14,Marry,Male,47,2019-09-01,2018-02-17
AB0710,Paige Ritchie,Paige,Ritchie,14,P,1994-02-09,Single,Female,28,2019-09-09,2018-01-11
AB0711,Tiffiny McLaughlin,Tiffiny,McLaughlin,14,C,1975-04-14,Marry,Male,42,2019-05-27,2018-02-17
AB0712,Shamika Schmitt,Shamika,Schmitt,10,C,1967-01-24,Single,Female,35,2019-11-17,2018-03-30
AB0713,Cleo Corkery,Cleo,Corkery,18,C,1959-01-15,Marry,Female,42,2019-07-11,2018-01-15
AB0714,Olive Emmerich,Olive,Emmerich,10,C,1957-09-08,Marry,Male,39,2019-05-12,2018-02-04
AB0715,Miles Heathcote,Miles,Heathcote,10,P,1987-07-25,Marry,Female,43,2019-04-23,2018-11-15
AB0716,Lilliam Stokes,Lilliam,Stokes,16,C,1978-12-20,Marry,Male,40,2019-08-14,2018-12-15
AB0717,Donny Ziemann,Donny,Ziemann,13,C,1968-09-25,Marry,Male,28,2019-03-24,2018-02-08
AB0718,Jerrold Schiller,Jerrold,Schiller,16,C,1958-08-30,Marry,Male,38,2019-10-30,2018-03-05
AB0719,Bethanie Reilly,Bethanie,Reilly,15,C,1972-06-09,Marry,Female,33,2019-11-28,2018-06-23
AB0720,Vi Haley,Vi,Haley,15,P,1963-03-25,Marry,Female,32,2019-07-30,2018-05-25
AB0721,Melissa Sawayn,Melissa,Sawayn,18,P,1994-12-12,Single,Male,36,2019-04-26,2018-02-22
AB0722,Chi Nader,Chi,Nader,19,P,1962-06-11,Marry,Female,49,2019-01-01,2018-01-30
AB0723,Georgianna Wilderman,Georgianna,Wilderman,14,P,1981-02-27,Single,Female,50,2019-02-20,2018-08-25
AB0724,Don DuBuque,Don,DuBuque,18,P,1962-06-02,Single,Male,45,2019-12-30,2018-06-02
AB0725,Randa Schiller,Randa,Schiller,12,C,1984-10-21,Marry,Male,37,2019-08-15,2018-05-14
AB0726,Lindsay Gleason,Lindsay,Gleason,11,P,1957-01-04,Marry,Male,49,2019-05-12,2018-07-29
AB0727,Willian Koch,Willian,Koch,16,C,1977-11-06,Marry,Male,32,2019-02-13,2018-09-20
AB0728,Sheridan Jenkins,Sheridan,Jenkins,20,C,1973-03-20,Marry,Female,40,2019-07-20,2018-01-04
AB0729,Mark Schoen,Mark,Schoen,11,C,1988-10-16,Marry,Male,49,2019-11-17,2018-01-21
AB0730,King Howell,King,Howell,12,P,1980-01-17,Single,Female,35,2019-02-02,2018-09-30
AB0731,Izetta O'Reilly,Izetta,O'Reilly,14,C,1986-04-29,Single,Male,35,2019-11-27,2018-06-16
AB0732,Daryl O'Connell,Daryl,O'Connell,14,P,1985-11-19,Marry,Female,31,2019-04-10,2018-03-01
AB0733,Keri Stoltenberg,Keri,Stoltenberg,19,P,1979-12-29,Marry,Female,37,2019-08-08,2018-01-29
AB0734,Seema Ortiz,Seema,Ortiz,17,P,1989-12-23,Single,Female,33,2019-01-26,2018-01-22
AB0735,Granville Kihn,Granville,Kihn,19,C,1978-09-28,Marry,Male,37,2019-09-29,2018-02-07
AB0736,Ronda Wintheiser,Ronda,Wintheiser,10,P,1968-10-14,Single,Female,37,2019-12-30,2018-05-21
AB0737,Tera Davis,Tera,Davis,19,P,1958-06-29,Marry,Female,49,2019-06-06,2018-04-23
AB0738,Tia Torphy,Tia,Torphy,16,C,1966-02-06,Single,Female,28,2019-04-09,2018-06-03
AB0739,Alexia Harber,Alexia,Harber,20,P,1968-05-19,Single,Female,40,2019-10-02,2018-01-10
AB0740,Elmo Raynor,Elmo,Raynor,16,C,1989-01-28,Single,Male,46,2019-04-26,2018-08-15
AB0741,Sharolyn Vandervort,Sharolyn,Vandervort,11,P,1972-02-22,Single,Female,46,2019-07-21,2018-03-02
AB0742,Marshall Franecki,Marshall,Franecki,20,C,1996-09-22,Marry,Female,47,2019-11-23,2018-04-23
AB0743,Russell Murphy,Russell,Murphy,16,P,1965-05-04,Single,Female,31,2019-11-29,2018-04-05
AB0744,Carlene Will,Carlene,Will,10,C,1966-06-02,Marry,Female,29,2019-07-27,2018-09-30
AB0745,Gwyn Dach,Gwyn,Dach,15,P,1959-08-13,Single,Male,42,2019-06-06,2018-02-03
AB0746,Jerilyn Pollich,Jerilyn,Pollich,10,P,1957-12-07,Single,Male,40,2019-04-29,2018-05-20
AB0747,Jasper Shanahan,Jasper,Shanahan,16,C,1975-02-14,Marry,Male,40,2019-01-29,2018-01-29
AB0748,Miquel Littel,Miquel,Littel,10,P,1990-12-11,Single,Male,28,2019-05-15,2018-08-22
AB0749,Horace Jones,Horace,Jones,16,C,1965-06-26,Single,Male,50,2019-02-28,2018-12-29
AB0750,Paulita Jakubowski,Paulita,Jakubowski,10,C,1971-08-17,Marry,Female,36,2019-03-04,2018-08-20
AB0751,Sheldon Sipes,Sheldon,Sipes,19,P,1972-02-27,Single,Male,31,2019-05-15,2018-01-15
AB0752,Earle Kling,Earle,Kling,18,P,1969-11-18,Single,Female,46,2019-03-26,2018-06-09
AB0753,Guy Collins,Guy,Collins,11,C,1966-07-27,Marry,Female,48,2019-02-08,2018-05-20
AB0754,Myong Feil,Myong,Feil,13,C,1977-06-25,Marry,Female,49,2019-01-02,2018-11-30
AB0755,Jasper Rodriguez,Jasper,Rodriguez,14,P,1967-03-14,Single,Female,33,2019-05-02,2018-03-11
AB0756,Donald Stanton,Donald,Stanton,11,P,1962-03-16,Marry,Male,40,2019-08-28,2018-01-29
AB0757,Raymundo Shields,Raymundo,Shields,13,P,1960-06-10,Marry,Female,33,2019-06-09,2018-06-24
AB0758,Julius Schuppe,Julius,Schuppe,20,C,1963-08-06,Marry,Male,35,2019-11-26,2018-05-20
AB0759,Barrie Stroman,Barrie,Stroman,18,C,1994-06-07,Single,Female,50,2019-04-23,2018-04-16
AB0760,Mi Rippin,Mi,Rippin,11,C,1994-08-01,Single,Female,34,2019-06-25,2018-01-02
AB0761,Babette Murray,Babette,Murray,16,P,1957-08-25,Single,Male,45,2019-03-03,2018-11-04
AB0762,Marg Effertz,Marg,Effertz,20,C,1989-09-28,Marry,Male,39,2019-09-10,2018-08-30
AB0763,Sherrill Lebsack,Sherrill,Lebsack,12,P,1989-05-08,Marry,Female,30,2019-11-09,2018-01-25
AB0764,Leanne Satterfield,Leanne,Satterfield,15,C,1968-05-09,Single,Female,38,2019-04-07,2018-02-16
AB0765,Abram Crona,Abram,Crona,20,P,1961-12-21,Marry,Male,36,2019-04-21,2018-05-01
AB0766,Andre Schuppe,Andre,Schuppe,15,P,1979-02-18,Single,Female,44,2019-10-13,2018-07-01
AB0767,Agripina Ratke,Agripina,Ratke,14,P,1958-07-24,Single,Male,37,2019-03-16,2018-02-28
AB0768,Jenise Veum,Jenise,Veum,10,P,1966-01-30,Single,Male,48,2019-04-12,2018-01-09
AB0769,Lai Weber,Lai,Weber,10,C,1960-09-20,Marry,Male,47,2019-12-22,2018-02-01
AB0770,Jayson Swaniawski,Jayson,Swaniawski,10,C,1968-02-03,Single,Female,33,2019-01-07,2018-12-17
AB0771,Fred Hettinger,Fred,Hettinger,18,C,1965-08-08,Single,Male,38,2019-06-08,2018-04-07
AB0772,Merrie Champlin,Merrie,Champlin,12,P,1980-06-07,Marry,Female,43,2019-12-19,2018-07-31
AB0773,Breanne Prohaska,Breanne,Prohaska,14,P,1982-02-25,Single,Female,49,2019-07-01,2018-01-02
AB0774,Fairy Hoppe,Fairy,Hoppe,13,P,1988-02-28,Single,Male,40,2019-02-18,2018-04-14
AB0775,Gabriel Kulas,Gabriel,Kulas,13,C,1959-10-13,Marry,Male,33,2019-04-18,2018-04-08
AB0776,Joshua Ledner,Joshua,Ledner,16,P,1994-07-08,Single,Male,29,2019-05-14,2018-01-18
AB0777,Dee O'Hara,Dee,O'Hara,15,P,1996-04-16,Marry,Female,31,2019-08-31,2018-10-08
AB0778,Ryan Schaefer,Ryan,Schaefer,20,P,1963-11-27,Single,Female,38,2019-03-09,2018-03-17
AB0779,Veda Nader,Veda,Nader,16,C,1996-11-19,Marry,Female,38,2019-04-10,2018-03-29
AB0780,Rosie Goldner,Rosie,Goldner,15,P,1983-05-01,Marry,Female,37,2019-12-20,2018-05-03
AB0781,Tori Mitchell,Tori,Mitchell,13,P,1980-12-29,Marry,Male,41,2019-11-01,2018-05-04
AB0782,Tamekia Ankunding,Tamekia,Ankunding,10,C,1965-10-10,Marry,Male,32,2019-02-12,2018-05-30
AB0783,Chelsie Torphy,Chelsie,Torphy,19,P,1993-10-21,Marry,Male,41,2019-05-21,2018-05-14
AB0784,Stefan Wilkinson,Stefan,Wilkinson,19,C,1996-03-28,Marry,Female,38,2019-08-03,2018-03-02
AB0785,Loyd Greenfelder,Loyd,Greenfelder,10,P,1968-03-28,Single,Male,35,2019-07-15,2018-10-30
AB0786,Troy Sanford,Troy,Sanford,17,P,1968-09-07,Single,Female,46,2019-04-17,2018-07-22
AB0787,Shane Effertz,Shane,Effertz,13,P,1974-03-23,Marry,Female,46,2019-06-18,2018-08-22
AB0788,Douglass Olson,Douglass,Olson,20,P,1980-01-22,Marry,Female,31,2019-11-08,2018-03-18
AB0789,Suk Hansen,Suk,Hansen,16,C,1968-07-28,Marry,Male,32,2019-05-01,2018-10-22
AB0790,Haywood Predovic,Haywood,Predovic,13,P,1960-06-13,Marry,Male,38,2019-08-14,2018-04-17
AB0791,Woodrow Larkin,Woodrow,Larkin,15,P,1967-07-07,Single,Female,45,2019-07-21,2018-05-25
AB0792,Myrtis Bode,Myrtis,Bode,17,P,1973-01-25,Marry,Female,37,2019-08-29,2018-01-25
AB0793,Geraldo Dicki,Geraldo,Dicki,12,P,1973-10-28,Single,Female,28,2019-05-31,2018-03-16
AB0794,Analisa Veum,Analisa,Veum,20,C,1969-02-17,Marry,Male,36,2019-04-02,2018-09-23
AB0795,Fritz Armstrong,Fritz,Armstrong,11,P,1961-03-06,Marry,Female,42,2019-10-06,2018-02-21
AB0796,Kristin Reichert,Kristin,Reichert,19,C,1965-02-07,Single,Female,40,2019-01-27,2018-02-08
AB0797,Toni Green,Toni,Green,15,C,1963-04-03,Single,Male,49,2019-02-08,2018-04-30
AB0798,Demarcus Lemke,Demarcus,Lemke,11,P,1989-08-07,Single,Male,36,2019-10-21,2018-12-01
AB0799,Gaylord DuBuque,Gaylord,DuBuque,20,P,1960-05-14,Single,Male,28,2019-09-28,2018-05-26
AB0800,Kasie Murphy,Kasie,Murphy,19,C,1991-06-17,Single,Male,30,2019-08-07,2018-01-24
AB0801,Lilly Barrows,Lilly,Barrows,20,P,1964-06-08,Marry,Female,42,2019-11-05,2018-11-20
AB0802,Marianela Langosh,Marianela,Langosh,19,P,1970-01-06,Single,Male,30,2019-10-28,2018-03-07
AB0803,Rema Tillman,Rema,Tillman,19,P,1989-06-14,Marry,Male,39,2019-09-02,2018-01-02
AB0804,Cuc Turcotte,Cuc,Turcotte,16,P,1959-01-03,Marry,Male,49,2019-07-17,2018-05-30
AB0805,Lilly Mante,Lilly,Mante,19,C,1987-03-07,Marry,Male,39,2019-08-07,2018-12-22
AB0806,Carlyn Morissette,Carlyn,Morissette,10,C,1959-10-23,Marry,Male,37,2019-03-25,2018-06-12
AB0807,Terra Zboncak,Terra,Zboncak,10,C,1984-09-25,Marry,Female,39,2019-09-28,2018-06-23
AB0808,Sid Goyette,Sid,Goyette,12,C,1958-02-07,Single,Male,42,2019-07-25,2018-07-26
AB0809,Donn Harvey,Donn,Harvey,13,P,1983-05-06,Marry,Female,38,2019-08-28,2018-05-08
AB0810,Britany Bernhard,Britany,Bernhard,20,P,1973-08-04,Single,Male,47,2019-11-12,2018-02-20
AB0811,Felton Steuber,Felton,Steuber,15,P,1996-08-08,Single,Male,36,2019-10-04,2018-08-20
AB0812,Jaimee Nienow,Jaimee,Nienow,14,P,1959-10-10,Marry,Female,44,2019-08-16,2018-11-04
AB0813,Jeni Erdman,Jeni,Erdman,17,C,1958-03-22,Marry,Female,30,2019-07-17,2018-03-03
AB0814,Sebastian Howe,Sebastian,Howe,17,C,1973-08-16,Marry,Male,41,2019-12-17,2018-06-06
AB0815,Grover Fisher,Grover,Fisher,11,P,1995-05-27,Marry,Female,37,2019-03-28,2018-08-24
AB0816,Ramiro Gerhold,Ramiro,Gerhold,13,P,1975-10-26,Single,Male,45,2019-03-07,2018-05-15
AB0817,Neil Herzog,Neil,Herzog,17,P,1960-12-19,Marry,Female,47,2019-05-13,2018-10-19
AB0818,Eun Becker,Eun,Becker,16,C,1976-09-25,Single,Female,29,2019-08-17,2018-11-26
AB0819,Maricela Gislason,Maricela,Gislason,15,C,1971-02-24,Marry,Male,28,2019-04-25,2018-01-22
AB0820,Toby Hartmann,Toby,Hartmann,17,P,1987-08-23,Single,Female,30,2019-10-17,2018-03-30
AB0821,Guillermina Kuhic,Guillermina,Kuhic,11,P,1968-08-29,Marry,Male,40,2019-09-22,2018-12-26
AB0822,Timmy Fadel,Timmy,Fadel,11,P,1976-02-07,Marry,Male,46,2019-05-01,2018-10-29
AB0823,Tania Cormier,Tania,Cormier,16,P,1992-09-20,Single,Male,50,2019-07-09,2018-08-19
AB0824,Lala Rutherford,Lala,Rutherford,16,C,1992-12-04,Marry,Male,32,2019-10-16,2018-11-10
AB0825,Dominque Bahringer,Dominque,Bahringer,17,C,1967-03-09,Marry,Male,27,2019-01-30,2018-05-17
AB0826,Paris Murphy,Paris,Murphy,16,C,1967-01-18,Marry,Female,48,2019-09-09,2018-12-08
AB0827,Alfredo Fisher,Alfredo,Fisher,12,P,1985-01-14,Single,Female,48,2019-06-22,2018-10-21
AB0828,Vicente Von,Vicente,Von,15,P,1965-12-20,Marry,Male,42,2019-12-30,2018-11-15
AB0829,Selma Lueilwitz,Selma,Lueilwitz,13,P,1988-04-14,Single,Female,27,2019-06-29,2018-05-29
AB0830,Karleen Haag,Karleen,Haag,18,C,1977-12-12,Marry,Female,37,2019-01-08,2018-01-11
AB0831,Lillia Hirthe,Lillia,Hirthe,13,C,1971-02-07,Marry,Female,34,2019-01-08,2018-08-26
AB0832,Tommy Kilback,Tommy,Kilback,19,P,1977-07-06,Single,Female,47,2019-07-21,2018-04-17
AB0833,Jackelyn Gutmann,Jackelyn,Gutmann,17,P,1984-02-08,Marry,Male,49,2019-10-18,2018-01-02
AB0834,Yelena Wilderman,Yelena,Wilderman,13,P,1986-09-28,Marry,Female,36,2019-07-12,2018-03-19
AB0835,Jonathon MacGyver,Jonathon,MacGyver,13,C,1970-03-31,Marry,Male,50,2019-06-17,2018-08-07
AB0836,Melodee Braun,Melodee,Braun,15,P,1982-05-26,Marry,Male,49,2019-08-15,2018-11-13
AB0837,Britteny Johns,Britteny,Johns,10,C,1994-01-25,Marry,Female,36,2019-05-13,2018-09-01
AB0838,Rachelle Fahey,Rachelle,Fahey,11,P,1970-02-21,Marry,Male,40,2019-10-24,2018-02-06
AB0839,Henriette Little,Henriette,Little,18,C,1965-07-04,Marry,Male,27,2019-01-27,2018-02-03
AB0840,Terrance Bins,Terrance,Bins,15,C,1958-12-01,Single,Female,32,2019-02-10,2018-02-14
AB0841,Nicky Greenfelder,Nicky,Greenfelder,19,P,1973-05-11,Marry,Male,40,2019-12-04,2018-02-10
AB0842,Zena Wisozk,Zena,Wisozk,12,P,1974-07-25,Single,Male,37,2019-06-27,2018-08-09
AB0843,Donnette Heller,Donnette,Heller,18,P,1978-02-11,Single,Male,46,2019-12-01,2018-03-04
AB0844,Sean Ferry,Sean,Ferry,16,P,1995-12-17,Single,Male,40,2019-06-07,2018-11-12
AB0845,Aubrey Kuhlman,Aubrey,Kuhlman,11,C,1977-10-26,Marry,Female,36,2019-01-09,2018-06-20
AB0846,Zonia Gislason,Zonia,Gislason,14,P,1973-04-27,Marry,Female,39,2019-10-14,2018-02-21
AB0847,Edison Abernathy,Edison,Abernathy,19,C,1984-12-29,Single,Female,32,2019-08-29,2018-03-09
AB0848,Telma Hayes,Telma,Hayes,15,C,1995-08-09,Marry,Male,37,2019-09-05,2018-03-27
AB0849,Neda Blick,Neda,Blick,16,P,1996-03-30,Single,Female,31,2019-12-21,2018-04-04
AB0850,Paz Grimes,Paz,Grimes,17,C,1995-09-17,Marry,Female,30,2019-11-28,2018-11-16
AB0851,Floyd Hahn,Floyd,Hahn,10,P,1968-05-29,Marry,Female,31,2019-06-13,2018-06-17
AB0852,Korey Runolfsdottir,Korey,Runolfsdottir,17,C,1979-06-08,Single,Male,40,2019-10-02,2018-10-25
AB0853,Mike Williamson,Mike,Williamson,17,C,1965-07-10,Marry,Female,27,2019-05-01,2018-06-25
AB0854,Chris Haley,Chris,Haley,15,P,1966-06-07,Marry,Male,43,2019-05-05,2018-08-19
AB0855,Barbera Leuschke,Barbera,Leuschke,18,P,1958-04-11,Marry,Female,28,2019-09-07,2018-11-09
AB0856,Dillon DuBuque,Dillon,DuBuque,10,C,1960-01-12,Single,Female,44,2019-12-09,2018-09-14
AB0857,Robin Mante,Robin,Mante,14,P,1977-08-31,Single,Female,43,2019-07-21,2018-06-05
AB0858,Ozie Lowe,Ozie,Lowe,18,P,1959-01-18,Marry,Female,42,2019-04-30,2018-07-05
AB0859,Sonia Funk,Sonia,Funk,18,P,1984-12-29,Marry,Male,46,2019-10-19,2018-12-07
AB0860,Aldo Wolff,Aldo,Wolff,17,P,1970-06-21,Single,Female,34,2019-01-18,2018-06-20
AB0861,Lamont Marvin,Lamont,Marvin,20,P,1993-05-21,Marry,Female,31,2019-05-03,2018-10-14
AB0862,Francisco Luettgen,Francisco,Luettgen,13,C,1982-12-04,Single,Male,31,2019-05-01,2018-05-12
AB0863,Geraldo Welch,Geraldo,Welch,18,C,1960-09-08,Single,Male,49,2019-04-14,2018-06-23
AB0864,Bryon Hettinger,Bryon,Hettinger,17,C,1991-06-30,Single,Female,45,2019-03-30,2018-09-23
AB0865,Francisco Krajcik,Francisco,Krajcik,19,P,1975-10-03,Marry,Male,50,2019-09-14,2018-02-13
AB0866,Julee Legros,Julee,Legros,20,P,1992-05-23,Single,Male,37,2019-03-31,2018-08-12
AB0867,Vena Hayes,Vena,Hayes,13,C,1992-10-23,Marry,Female,45,2019-05-24,2018-08-31
AB0868,Jerald Carroll,Jerald,Carroll,15,P,1981-01-25,Marry,Female,39,2019-12-21,2018-12-20
AB0869,Timothy O'Conner,Timothy,O'Conner,13,C,1990-12-01,Single,Female,34,2019-10-21,2018-08-24
AB0870,Lou White,Lou,White,17,C,1967-01-18,Marry,Female,41,2019-08-31,2018-02-27
AB0871,Kareem Schmidt,Kareem,Schmidt,10,C,1994-08-05,Single,Male,35,2019-11-17,2018-11-20
AB0872,Ada Hand,Ada,Hand,12,C,1987-07-11,Marry,Male,46,2019-07-20,2018-11-13
AB0873,Zina Heaney,Zina,Heaney,10,C,1975-07-31,Marry,Male,37,2019-02-05,2018-07-17
AB0874,Robt Mills,Robt,Mills,10,P,1976-11-07,Single,Female,49,2019-06-06,2018-04-08
AB0875,Yer Rempel,Yer,Rempel,18,C,1989-05-15,Marry,Male,42,2019-04-28,2018-03-08
AB0876,Ileana Schimmel,Ileana,Schimmel,14,C,1994-01-19,Marry,Female,30,2019-01-04,2018-02-21
AB0877,Reina Mayer,Reina,Mayer,18,C,1968-09-08,Single,Female,33,2019-06-24,2018-11-16
AB0878,Mindy Daniel,Mindy,Daniel,20,C,1978-12-24,Marry,Female,48,2019-01-04,2018-11-03
AB0879,Bud Waelchi,Bud,Waelchi,16,P,1965-08-25,Marry,Male,36,2019-06-28,2018-11-17
AB0880,Santo Swaniawski,Santo,Swaniawski,15,P,1984-11-22,Single,Male,40,2019-07-07,2018-07-07
AB0881,Mirtha Dibbert,Mirtha,Dibbert,15,C,1989-05-05,Single,Male,45,2019-10-24,2018-02-22
AB0882,Silas Heathcote,Silas,Heathcote,18,P,1988-05-08,Marry,Female,33,2019-03-22,2018-10-22
AB0883,Aurelio Stoltenberg,Aurelio,Stoltenberg,10,C,1964-01-25,Marry,Male,29,2019-08-28,2018-05-13
AB0884,Wilfred Bosco,Wilfred,Bosco,13,C,1966-11-21,Single,Male,47,2019-05-21,2018-10-10
AB0885,Danica Hessel,Danica,Hessel,14,C,1987-01-19,Marry,Female,43,2019-11-26,2018-07-16
AB0886,Marita Jones,Marita,Jones,13,P,1960-06-17,Single,Female,42,2019-10-20,2018-05-15
AB0887,Shanta Swaniawski,Shanta,Swaniawski,11,P,1971-03-06,Single,Female,47,2019-06-20,2018-02-18
AB0888,Velvet Rolfson,Velvet,Rolfson,14,C,1965-04-19,Marry,Male,41,2019-11-08,2018-12-11
AB0889,Elmer Roberts,Elmer,Roberts,17,C,1974-02-19,Single,Male,31,2019-10-29,2018-10-09
AB0890,Sebastian Walter,Sebastian,Walter,11,P,1991-10-22,Marry,Male,40,2019-11-05,2018-11-23
AB0891,Christian Cruickshank,Christian,Cruickshank,11,C,1989-07-21,Single,Male,27,2019-02-22,2018-03-10
AB0892,Roderick Fisher,Roderick,Fisher,16,P,1985-03-04,Marry,Female,35,2019-03-17,2018-12-03
AB0893,Levi Feeney,Levi,Feeney,11,C,1965-09-20,Single,Male,40,2019-09-05,2018-07-06
AB0894,Carrol Hintz,Carrol,Hintz,11,C,1993-01-04,Marry,Male,49,2019-04-06,2018-05-01
AB0895,Marline Botsford,Marline,Botsford,19,C,1975-04-28,Marry,Female,39,2019-06-24,2018-10-27
AB0896,Ozell Schmidt,Ozell,Schmidt,13,C,1958-04-20,Single,Male,47,2019-09-25,2018-08-21
AB0897,Clelia Mraz,Clelia,Mraz,20,C,1981-04-04,Marry,Male,35,2019-10-26,2018-12-27
AB0898,Donny Carter,Donny,Carter,15,P,1990-04-24,Marry,Male,31,2019-04-02,2018-09-23
AB0899,Berna Bartell,Berna,Bartell,12,C,1991-11-27,Marry,Female,28,2019-10-26,2018-11-09
AB0900,Alena Conn,Alena,Conn,11,P,1957-08-16,Marry,Male,29,2019-12-03,2018-10-04
AB0901,Charlie Boehm,Charlie,Boehm,10,P,1993-10-22,Marry,Female,44,2019-05-05,2018-02-28
AB0902,Minnie Stokes,Minnie,Stokes,16,P,1976-01-23,Marry,Male,31,2019-04-08,2018-06-17
AB0903,Edythe Shanahan,Edythe,Shanahan,20,C,1987-02-06,Single,Male,28,2019-10-05,2018-08-18
AB0904,Robert Mann,Robert,Mann,17,C,1968-05-19,Single,Male,30,2019-03-24,2018-12-06
AB0905,Clementine Brown,Clementine,Brown,12,C,1977-01-30,Single,Male,50,2019-12-16,2018-03-23
AB0906,Amelia Legros,Amelia,Legros,15,C,1959-10-01,Single,Female,45,2019-04-25,2018-03-01
AB0907,Kaycee Donnelly,Kaycee,Donnelly,10,C,1987-10-31,Marry,Female,42,2019-06-24,2018-04-17
AB0908,Nanci Will,Nanci,Will,11,P,1967-03-17,Marry,Male,49,2019-08-11,2018-01-27
AB0909,Jo Lynch,Jo,Lynch,15,P,1978-11-02,Marry,Male,36,2019-01-16,2018-04-09
AB0910,Caroll Conroy,Caroll,Conroy,10,P,1970-08-31,Marry,Female,30,2019-07-15,2018-11-29
AB0911,Maynard Wehner,Maynard,Wehner,18,P,1959-08-20,Single,Male,33,2019-01-07,2018-01-20
AB0912,Lindsay Robel,Lindsay,Robel,14,P,1957-10-06,Marry,Male,29,2019-07-22,2018-04-08
AB0913,Corrin Cassin,Corrin,Cassin,11,C,1977-02-14,Single,Male,40,2019-11-22,2018-01-29
AB0914,Ilene Mitchell,Ilene,Mitchell,18,P,1986-02-24,Marry,Male,40,2019-09-09,2018-11-21
AB0915,Hyon Swift,Hyon,Swift,12,C,1960-12-05,Single,Male,37,2019-12-07,2018-06-22
AB0916,Deshawn Ruecker,Deshawn,Ruecker,17,C,1988-07-31,Marry,Female,34,2019-12-27,2018-10-21
AB0917,Deon Zemlak,Deon,Zemlak,14,P,1977-11-13,Single,Female,28,2019-12-12,2018-09-12
AB0918,Juan Ondricka,Juan,Ondricka,20,P,1994-07-17,Marry,Female,41,2019-07-14,2018-10-07
AB0919,Bettyann Wisozk,Bettyann,Wisozk,16,C,1996-06-04,Single,Female,44,2019-02-19,2018-06-06
AB0920,Genevive Kessler,Genevive,Kessler,10,C,1992-03-29,Single,Female,50,2019-06-27,2018-07-14
AB0921,Thanh Kris,Thanh,Kris,11,P,1978-06-29,Marry,Female,44,2019-11-23,2018-04-13
AB0922,Anita Kreiger,Anita,Kreiger,11,P,1957-12-18,Single,Male,34,2019-03-02,2018-02-28
AB0923,Loriann Wehner,Loriann,Wehner,12,P,1964-08-06,Marry,Male,27,2019-03-09,2018-09-21
AB0924,Isaias Wolf,Isaias,Wolf,19,C,1965-09-30,Marry,Female,47,2019-12-08,2018-12-26
AB0925,Jasper Bahringer,Jasper,Bahringer,14,P,1959-06-15,Single,Female,47,2019-06-07,2018-03-11
AB0926,Lila McDermott,Lila,McDermott,20,C,1966-12-11,Single,Female,32,2019-02-08,2018-03-14
AB0927,Val Aufderhar,Val,Aufderhar,14,C,1985-05-03,Single,Female,39,2019-03-04,2018-02-10
AB0928,Hope Haley,Hope,Haley,19,C,1995-08-02,Single,Female,28,2019-09-06,2018-01-20
AB0929,Jadwiga Koch,Jadwiga,Koch,12,C,1957-08-18,Marry,Male,43,2019-07-10,2018-10-14
AB0930,Dede Yundt,Dede,Yundt,19,P,1996-08-08,Marry,Male,30,2019-06-30,2018-10-24
AB0931,Neal Bednar,Neal,Bednar,16,P,1990-10-10,Marry,Male,32,2019-09-30,2018-03-22
AB0932,Idella Schneider,Idella,Schneider,18,C,1957-07-23,Marry,Male,29,2019-12-09,2018-04-30
AB0933,Gwyn Hansen,Gwyn,Hansen,12,P,1970-04-06,Marry,Female,34,2019-12-18,2018-12-07
AB0934,Teresia Morar,Teresia,Morar,12,P,1967-10-20,Single,Female,33,2019-09-25,2018-08-27
AB0935,Kenny Renner,Kenny,Renner,18,P,1976-06-06,Marry,Male,43,2019-07-18,2018-02-23
AB0936,Elijah Nolan,Elijah,Nolan,20,C,1961-07-21,Marry,Male,42,2019-12-01,2018-12-10
AB0937,Rocky Swaniawski,Rocky,Swaniawski,12,P,1957-02-11,Marry,Male,45,2019-05-18,2018-06-08
AB0938,Detra Sawayn,Detra,Sawayn,20,P,1975-09-28,Single,Female,31,2019-03-16,2018-09-09
AB0939,Casey Haley,Casey,Haley,16,C,1982-07-11,Marry,Female,50,2019-06-07,2018-09-20
AB0940,Charlette McGlynn,Charlette,McGlynn,12,P,1990-05-05,Marry,Female,28,2019-01-23,2018-03-17
AB0941,Lamonica Anderson,Lamonica,Anderson,18,P,1976-05-30,Marry,Male,35,2019-12-04,2018-10-26
AB0942,Dian Grady,Dian,Grady,10,P,1961-07-09,Single,Female,42,2019-01-26,2018-09-06
AB0943,Elisha Fay,Elisha,Fay,13,C,1981-02-06,Marry,Male,39,2019-10-29,2018-06-17
AB0944,Yael Gutmann,Yael,Gutmann,17,C,1975-11-16,Marry,Female,43,2019-03-12,2018-10-11
AB0945,Jaclyn Pollich,Jaclyn,Pollich,20,P,1982-05-22,Single,Male,48,2019-04-04,2018-12-03
AB0946,Tessie Farrell,Tessie,Farrell,17,P,1976-08-10,Marry,Male,38,2019-06-02,2018-02-13
AB0947,Juana Feest,Juana,Feest,13,C,1980-01-27,Single,Female,48,2019-08-03,2018-12-07
AB0948,Linnie Hegmann,Linnie,Hegmann,15,P,1992-04-01,Single,Male,40,2019-03-13,2018-01-12
AB0949,Regine Harris,Regine,Harris,19,C,1991-11-24,Single,Female,42,2019-03-14,2018-09-29
AB0950,Dominic Bartoletti,Dominic,Bartoletti,14,P,1993-04-18,Marry,Female,41,2019-07-23,2018-03-10
AB0951,Lucila Champlin,Lucila,Champlin,19,C,1967-10-03,Single,Male,41,2019-02-09,2018-06-13
AB0952,Jerica Dickinson,Jerica,Dickinson,20,P,1992-06-24,Single,Female,47,2019-05-04,2018-07-29
AB0953,Annalisa Hickle,Annalisa,Hickle,10,C,1980-06-23,Single,Male,49,2019-10-24,2018-02-02
AB0954,Nestor Torp,Nestor,Torp,20,C,1959-08-11,Marry,Male,27,2019-07-29,2018-07-17
AB0955,Yoshiko Nader,Yoshiko,Nader,14,C,1996-05-23,Single,Male,34,2019-07-08,2018-10-23
AB0956,Ria Hand,Ria,Hand,14,P,1989-02-09,Marry,Male,30,2019-04-02,2018-11-22
AB0957,Margene Ryan,Margene,Ryan,15,C,1962-11-19,Marry,Male,41,2019-04-17,2018-04-17
AB0958,Robbie Champlin,Robbie,Champlin,12,C,1962-06-06,Marry,Male,44,2019-11-19,2018-01-16
AB0959,Bertram Hand,Bertram,Hand,11,C,1962-02-15,Single,Male,28,2019-10-05,2018-09-30
AB0960,Lettie Howe,Lettie,Howe,20,P,1989-03-17,Marry,Male,47,2019-08-10,2018-02-06
AB0961,Dudley D'Amore,Dudley,D'Amore,17,C,1968-08-21,Single,Female,40,2019-03-17,2018-03-11
AB0962,Palmira Nader,Palmira,Nader,15,P,1958-07-01,Marry,Male,50,2019-07-13,2018-08-20
AB0963,Gerard Howell,Gerard,Howell,15,C,1982-11-22,Marry,Male,35,2019-07-25,2018-09-18
AB0964,Rickey Hammes,Rickey,Hammes,18,P,1982-01-21,Marry,Female,41,2019-07-26,2018-11-18
AB0965,Edmundo Schaefer,Edmundo,Schaefer,14,P,1979-09-19,Single,Female,36,2019-05-22,2018-04-14
AB0966,Aliza Grimes,Aliza,Grimes,19,P,1973-03-24,Marry,Male,31,2019-01-17,2018-07-22
AB0967,Bruce Corwin,Bruce,Corwin,14,P,1970-12-06,Single,Female,27,2019-06-09,2018-04-08
AB0968,Reed Rippin,Reed,Rippin,15,P,1959-04-14,Marry,Female,27,2019-05-31,2018-08-22
AB0969,Guy Grimes,Guy,Grimes,20,C,1973-03-18,Marry,Male,42,2019-02-13,2018-09-24
AB0970,Aurelio Walker,Aurelio,Walker,10,C,1962-02-22,Marry,Female,44,2019-05-09,2018-10-19
AB0971,Tod Stamm,Tod,Stamm,11,P,1994-08-29,Single,Female,49,2019-02-07,2018-03-02
AB0972,Karl Fahey,Karl,Fahey,12,C,1974-11-04,Single,Male,47,2019-01-01,2018-09-05
AB0973,Gilberte Collins,Gilberte,Collins,15,P,1968-07-17,Marry,Female,41,2019-04-13,2018-02-20
AB0974,Lanie Gibson,Lanie,Gibson,14,C,1984-02-18,Single,Female,33,2019-02-26,2018-05-09
AB0975,Thersa Thiel,Thersa,Thiel,19,C,1981-01-26,Single,Male,40,2019-12-15,2018-12-05
AB0976,Jimmie Powlowski,Jimmie,Powlowski,13,P,1985-02-19,Marry,Male,27,2019-04-27,2018-12-28
AB0977,Louetta Marquardt,Louetta,Marquardt,11,C,1967-07-27,Marry,Female,41,2019-09-22,2018-02-08
AB0978,Britt Huel,Britt,Huel,16,P,1991-03-01,Single,Male,41,2019-07-03,2018-07-17
AB0979,Rolland Beer,Rolland,Beer,18,P,1973-03-06,Single,Female,43,2019-10-18,2018-05-16
AB0980,Yuko Cole,Yuko,Cole,20,P,1957-05-16,Marry,Female,32,2019-03-08,2018-12-30
AB0981,Wendell Shanahan,Wendell,Shanahan,20,C,1988-08-28,Single,Male,28,2019-06-05,2018-04-20
AB0982,Austin Reichert,Austin,Reichert,12,P,1962-04-24,Single,Male,29,2019-06-28,2018-01-01
AB0983,Murray Heidenreich,Murray,Heidenreich,19,P,1987-07-30,Marry,Female,50,2019-04-13,2018-09-04
AB0984,Beatrice Koss,Beatrice,Koss,11,C,1979-06-10,Single,Female,50,2019-02-02,2018-04-20
AB0985,Garland Ratke,Garland,Ratke,12,C,1974-10-20,Marry,Female,36,2019-10-01,2018-02-06
AB0986,Ehtel Jacobi,Ehtel,Jacobi,20,C,1982-08-09,Single,Female,27,2019-10-12,2018-12-24
AB0987,Crysta Howe,Crysta,Howe,15,C,1975-05-25,Single,Male,28,2019-09-03,2018-12-27
AB0988,Humberto Senger,Humberto,Senger,11,P,1994-05-11,Marry,Male,32,2019-08-21,2018-01-15
AB0989,India Watsica,India,Watsica,19,P,1973-07-04,Marry,Male,40,2019-01-28,2018-11-11
AB0990,Alan Mills,Alan,Mills,14,C,1981-01-20,Marry,Female,27,2019-11-17,2018-03-03
AB0991,Leora Becker,Leora,Becker,14,P,1963-08-25,Single,Male,49,2019-02-14,2018-02-08
AB0992,Teodoro Mitchell,Teodoro,Mitchell,16,C,1990-02-27,Single,Female,41,2019-06-05,2018-07-04
AB0993,Jeffery Halvorson,Jeffery,Halvorson,17,P,1981-04-22,Single,Male,32,2019-04-03,2018-07-29
AB0994,Christy Effertz,Christy,Effertz,18,C,1975-10-04,Single,Female,37,2019-10-17,2018-10-08
AB0995,Dan Runte,Dan,Runte,10,P,1995-04-07,Single,Male,27,2019-03-19,2018-12-25
AB0996,Jonathan Collier,Jonathan,Collier,16,P,1968-07-15,Marry,Male,44,2019-03-10,2018-08-17
AB0997,Leesa Gibson,Leesa,Gibson,10,C,1993-07-14,Marry,Male,36,2019-02-27,2018-04-05
AB0998,Verlie Glover,Verlie,Glover,10,P,1957-02-04,Single,Female,39,2019-10-27,2018-11-10
AB0999,Eusebio Frami,Eusebio,Frami,14,P,1975-04-19,Marry,Female,28,2019-04-18,2018-10-26
AB1000,Hershel O'Conner,Hershel,O'Conner,12,P,1972-06-19,Marry,Female,29,2019-03-16,2018-05-13
